Subject	Fluency_Item	Semantic_Similarity	Frequency_Value	Phonological_Similarity	Pairwise_Indv_Similarity
00K73X1D	psychology	0.0001	4.31	0.0001	0.0001
00K73X1D	political science	0.4448837089573733	4.9	0.2857	0.0001
00K73X1D	history	0.4773560413012205	5.39	0.2727	0.0001
00K73X1D	math	0.4923999716606431	4.45	0.0001	0.029373343712454574
00K73X1D	chemistry	0.5660799392542855	4.35	0.0769	-0.008353046452796633
00K73X1D	biology	0.5806795920598807	4.22	0.0769	0.02800694435065039
00K73X1D	physics	0.5473038776114306	4.39	0.5385	0.18218149278195464
00K73X1D	anthropology	0.2727275701838583	3.65	0.3077	0.0777342200249389
00K73X1D	french	0.232874287917997	5.09	0.1364	-0.004412276046362667
00K73X1D	spanish	0.7232482277952562	4.73	0.0909	0.5673819623199229
00K73X1D	computer science	0.3634133231974559	4.74	0.0001	0.0001
00K73X1D	english	0.3458140314563493	5.19	0.0001	0.0001
00K73X1D	art history	0.3123668552206067	5.04	0.125	0.0001
00K73X1D	neuroscience	0.3558991448571833	3.45	0.1667	0.0001
00K73X1D	religion	0.2142551874015305	4.74	0.0909	0.032209402519889276
00K73X1D	economics	0.3368849250901323	4.42	0.1364	0.07848966005641368
0GMT2ITP	biology	0.0001	4.22	0.0001	0.0001
0GMT2ITP	psychology	0.5514026736006091	4.31	0.1538	0.2636876329040735
0GMT2ITP	english	0.4019827045496922	5.19	0.0001	0.05462088519736285
0GMT2ITP	environmental studies	0.2523532521541511	4.52	0.0001	0.0001
0GMT2ITP	political science	0.3828971845034432	4.9	0.2	0.0001
0GMT2ITP	chemistry	0.4163740577928219	4.35	0.0769	0.0001
0GMT2ITP	anthropology	0.3089251282446084	3.65	0.2308	0.01118815976352749
0GMT2ITP	fashion design	0.2727797619501247	4.66	0.0001	0.0001
0GMT2ITP	literature	0.2658385917319092	4.62	0.0968	0.0001
0GMT2ITP	journalism	0.38635056761371	4.12	0.0323	0.11366203292412191
0GMT2ITP	religious studies	0.3329782949638473	4.61	0.0001	0.0001
0GMT2ITP	gender studies	0.4934831011905053	4.44	0.1053	0.0001
0GMT2ITP	environmental science	0.3732728595637504	4.56	0.2105	0.0001
0GMT2ITP	geology	0.5058199858370177	3.76	0.2	0.0001
0GMT2ITP	math	0.2881124835958766	4.45	0.0667	0.1614296696944602
0GMT2ITP	physics	0.5942729701701036	4.39	0.0769	0.40701913247792587
0L28O7LJ	communications	0.0001	4.59	0.0001	0.0001
0L28O7LJ	psychology	0.34507695623773	4.31	0.125	0.046561021793219595
0L28O7LJ	biology	0.5514026736006091	4.22	0.1538	0.16589052418861336
0L28O7LJ	chemistry	0.5806795920598807	4.35	0.0769	0.15688434484505576
0L28O7LJ	economics	0.3957642602920116	4.42	0.1538	0.041442694494248304
0L28O7LJ	sociology	0.4469335874079365	3.78	0.2	0.15174136281012668
0L28O7LJ	religion	0.3685694477125214	4.74	0.1818	0.026522896210282636
0L28O7LJ	physics	0.3945605426652094	4.39	0.1364	0.05002541958339776
0L28O7LJ	math	0.5942729701701036	4.45	0.0769	0.3837687168048425
0L28O7LJ	computer science	0.4120866277401973	4.74	0.0001	0.0001
0L28O7LJ	gender studies	0.4363995024586455	4.44	0.0526	0.0001
0L28O7LJ	asian studies	0.4690973683637115	4.51	0.1053	0.0001
0L28O7LJ	biochemistry	0.3620480444031726	3.36	0.0001	0.0001
0L28O7LJ	romance languages	0.2493278053951285	4.06	0.1538	0.0001
0L28O7LJ	film	0.1307717285492806	5.2	0.1538	0.0001
0L28O7LJ	government	0.2300236169632485	5.57	0.0001	-0.004452244963295582
0L28O7LJ	political science	0.4657670096226518	4.9	0.2	0.0001
0MGC7F4K	biology	0.0001	4.22	0.0001	0.0001
0MGC7F4K	neuroscience	0.4403773206421744	3.45	0.0001	0.10168206397320793
0MGC7F4K	economics	0.2942392063248721	4.42	0.0001	0.1348228611433559
0MGC7F4K	government	0.3782188808870199	5.57	0.2	0.18574427736655344
0MGC7F4K	psychology	0.1866475126360476	4.31	0.1	0.03117227252111147
0MGC7F4K	sociology	0.5837935931135537	3.78	0.0001	0.5074459509280147
0MGC7F4K	chemistry	0.3756956284235466	4.35	0.0769	0.0847145866482084
0MGC7F4K	physics	0.6505481012207147	4.39	0.1538	0.271857779480045
0MGC7F4K	math	0.5942729701701036	4.45	0.0769	0.5159101138361635
0MGC7F4K	environmental studies	0.2539371055827281	4.52	0.0001	0.0001
0MGC7F4K	engineering	0.4248497790250986	4.8	0.08	0.0001
0MGC7F4K	art	0.3899949926286739	5.29	0.16	0.08677534215810116
0MGC7F4K	music	0.3532745306914943	5.52	0.1538	0.22987601229498647
0MGC7F4K	philosophy	0.3579681610121379	4.49	0.0833	0.020185858199309566
0MGC7F4K	film production	0.1561745045298219	4.87	0.0667	0.0001
0PRAW6DO	chemistry	0.0001	4.35	0.0001	0.0001
0PRAW6DO	math	0.5660799392542855	4.45	0.0769	0.23411018640907802
0PRAW6DO	biology	0.4848294269684527	4.22	0.0769	0.1494430124979895
0PRAW6DO	neuroscience	0.4403773206421744	3.45	0.0001	0.260506023892474
0PRAW6DO	anthropology	0.4563949133829357	3.65	0.0001	0.04966063214629486
0PRAW6DO	psychology	0.5052531257799697	4.31	0.125	0.17230660124286767
0PRAW6DO	political science	0.4448837089573733	4.9	0.2857	0.0001
0PRAW6DO	art	0.2886888684645936	5.29	0.1538	0.0001
0PRAW6DO	dance	0.4102571419317887	4.93	0.1538	-0.026260683740769463
0PRAW6DO	theater	0.3361614831112545	4.35	0.0952	-0.0011970372216054354
0PRAW6DO	english	0.2256681594652457	5.19	0.1429	-0.0008802361376265645
0PRAW6DO	spanish	0.6514728222113537	4.73	0.0001	0.28067203072155844
0QPSDFM3	government	0.0001	5.57	0.0001	0.0001
0QPSDFM3	biology	0.1416815566472814	4.22	0.0769	0.032680558303830654
0QPSDFM3	chemistry	0.5806795920598807	4.35	0.0769	0.31467102851316503
0QPSDFM3	biochemistry	0.5163536755691241	3.36	0.1538	0.13451596447307032
0QPSDFM3	english	0.2432700087039008	5.19	0.2	0.042159080628149895
0QPSDFM3	math	0.4881236537657638	4.45	0.0001	0.042770446413559066
0QPSDFM3	physics	0.5942729701701036	4.39	0.0769	0.20288630060327786
0QPSDFM3	astronomy	0.4409446076284004	3.63	0.0769	0.2119093325381821
0QPSDFM3	architecture	0.3112909998170409	4.42	0.2	0.11272368325477346
0QPSDFM3	art	0.3597932651201145	5.29	0.0769	0.2186600178619816
0QPSDFM3	visual studies	0.2954067654660035	4.38	0.0769	0.0001
0QPSDFM3	french	0.3119323466864186	5.09	0.1818	0.0001
0QPSDFM3	spanish	0.7232482277952562	4.73	0.0909	0.2352249385113666
0QPSDFM3	italian	0.606716424079459	4.66	0.0001	0.48647553116802233
0QPSDFM3	german	0.5857170742727376	4.95	0.0001	0.13787204505811948
0QPSDFM3	arabic	0.489052822862897	4.03	0.0001	0.2672199457429332
0QPSDFM3	computer science	0.3300304749302516	4.74	0.1429	0.0001
0QPSDFM3	data science	0.5799084774131815	4.92	0.1111	0.0001
0QPSDFM3	data science	0.9999999999999998	4.92	1.0	0.0001
0QPSDFM3	agriculture	0.2692919231824442	4.37	0.2222	0.0001
0QPSDFM3	accounting	0.2498721166256098	4.29	0.125	0.0529990968393694
0QPSDFM3	economics	0.4665732039452419	4.42	0.125	0.07778278995361679
0QPSDFM3	finance	0.3981005579802696	4.65	0.1053	0.23630070778157786
0QPSDFM3	business	0.4890077898738023	5.56	0.1429	0.24772602900454155
0QPSDFM3	criminal justice	0.3567979504885072	4.55	0.0952	0.0001
0QPSDFM3	geography	0.2868438547133941	3.98	0.1429	0.0001
18HXK612	psychology	0.0001	4.31	0.0001	0.0001
18HXK612	sociology	0.5837935931135537	3.78	0.0001	0.41135257049271257
18HXK612	mathematics	0.3137465525698693	4.15	0.1429	0.177296956056518
18HXK612	engineering	0.4071197857431767	4.8	0.08	0.2673451789636841
18HXK612	premed	0.3434166242411344	2.15	0.1154	0.07961878828366392
18HXK612	biology	0.4124768563050256	4.22	0.1923	0.052464100984266765
18HXK612	chemistry	0.5806795920598807	4.35	0.0769	0.45730314230806063
18HXK612	physics	0.6505481012207147	4.39	0.1538	0.504602276383348
18HXK612	english	0.4592693518825732	5.19	0.0769	0.029337730969712147
18HXK612	history	0.4882463050763406	5.39	0.0909	0.06513013663236887
18HXK612	anthropology	0.3288504977096842	3.65	0.1818	0.017332182365315116
18HXK612	gender and sexuality studies	0.2428155795620691	3.84	0.2143	0.0001
18HXK612	asian studies	0.3364848216735479	4.51	0.1429	0.0001
18HXK612	accounting	0.2620464823968873	4.29	0.1111	0.0001
18HXK612	computer science	0.3781870081414433	4.74	0.125	0.0001
18HXK612	data science	0.5799084774131815	4.92	0.1111	0.0001
1KEVYYJ9	economics	0.0001	4.42	0.0001	0.0001
1KEVYYJ9	biology	0.4447677968511814	4.22	0.1538	0.08120118727248123
1KEVYYJ9	biochemistry	0.5395119205157601	3.36	0.0769	0.06556552664193621
1KEVYYJ9	chemistry	0.5163536755691241	4.35	0.1538	0.009985628007649362
1KEVYYJ9	math	0.5660799392542855	4.45	0.0769	-0.003387505971160245
1KEVYYJ9	engineering	0.3732089038035594	4.8	0.08	-0.024145613436020324
1KEVYYJ9	physics	0.5138775231978104	4.39	0.32	0.05637555364644087
1KEVYYJ9	education	0.3215325607290091	5.28	0.1429	0.002212082290084499
1KEVYYJ9	english	0.3486309293951046	5.19	0.1429	0.05894237519576024
1KEVYYJ9	environmental studies	0.2523532521541511	4.52	0.0001	0.0001
1KEVYYJ9	history	0.2513800010631879	5.39	0.0001	0.0001
1KEVYYJ9	asian studies	0.2968659193957322	4.51	0.1818	0.0001
20ISZCV2	neuroscience	0.0001	3.45	0.0001	0.0001
20ISZCV2	spanish	0.1803254463341492	4.73	0.1111	0.020274811526089835
20ISZCV2	italian	0.606716424079459	4.66	0.0001	0.3289244705367043
20ISZCV2	french	0.5853330091830443	5.09	0.1364	0.28248392136283074
20ISZCV2	biology	0.3916601604856573	4.22	0.2273	0.034942491519423004
20ISZCV2	chemistry	0.5806795920598807	4.35	0.0769	0.5023807468606206
20ISZCV2	biochemistry	0.5163536755691241	3.36	0.1538	0.17037343198895338
20ISZCV2	communications	0.2015953652988256	4.59	0.0001	0.02211560466697861
20ISZCV2	english	0.354046414721886	5.19	0.125	-0.0018797720292918218
20ISZCV2	german	0.5364292275959494	4.95	0.0001	0.44693001118795417
20ISZCV2	russian	0.5874163396741656	5.01	0.1429	0.27244700012674933
20ISZCV2	environmental science	0.1695387478460125	4.56	0.0001	0.0001
20ISZCV2	government	0.3025654911245151	5.57	0.2	0.0001
20ISZCV2	history	0.3819277921814907	5.39	0.0001	0.10378282538074406
20ISZCV2	computer science	0.3969301116827852	4.74	0.0909	0.0001
20ISZCV2	math	0.4120866277401973	4.45	0.0001	0.0001
2BD455O0	chemistry	0.0001	4.35	0.0001	0.0001
2BD455O0	physics	0.6505481012207147	4.39	0.1538	0.1635504543244496
2BD455O0	biology	0.5473038776114306	4.22	0.5385	0.303019984625526
2BD455O0	biochemistry	0.5395119205157601	3.36	0.0769	0.09085981544495488
2BD455O0	economics	0.3056459900557196	4.42	0.1	0.003594834237028341
2BD455O0	political science	0.4711146140164883	4.9	0.0001	0.0001
2BD455O0	government	0.4657670096226518	5.57	0.2	0.0001
2BD455O0	earth science	0.1717564800832886	4.79	0.0833	0.0001
2BD455O0	english	0.2504077822945449	5.19	0.1667	0.0001
2BD455O0	french	0.7451474507805892	5.09	0.0909	0.46662729324579133
2BD455O0	spanish	0.7232482277952562	4.73	0.0909	0.6259303817486869
2BD455O0	visual arts	0.276812401074606	4.29	0.0001	0.0001
2BD455O0	art history	0.5829257078486945	5.04	0.0001	0.0001
2BD455O0	asian studies	0.3021273049229718	4.51	0.1111	0.0001
2BD455O0	oceanography	0.2289987201391726	2.87	0.3333	0.0001
2BD455O0	cinema studies	0.1485784814536785	4.11	0.1	0.0001
37UDZTHY	neuroscience	0.0001	3.45	0.0001	0.0001
37UDZTHY	biochemistry	0.5945033038777696	3.36	0.0001	-0.002361864955366308
37UDZTHY	biology	0.5395119205157601	4.22	0.0769	0.040328975947255985
37UDZTHY	chemistry	0.5806795920598807	4.35	0.0769	-0.03343967995770347
37UDZTHY	economics	0.3957642602920116	4.42	0.1538	0.14167559210819644
37UDZTHY	hispanic	0.1655901121247698	3.97	0.1538	-0.016014984491030865
37UDZTHY	francophone	0.3378418953329127	2.75	0.1538	0.0
37UDZTHY	art history	0.2546778059920729	5.04	0.0001	0.0001
37UDZTHY	history	0.6323343781935039	5.39	0.1818	0.0001
37UDZTHY	government	0.3819277921814907	5.57	0.0001	-0.037859317930119624
37UDZTHY	gender studies	0.3884795889671573	4.44	0.1579	0.0001
37UDZTHY	religion	0.3912429538711772	4.74	0.1818	0.0001
37UDZTHY	education	0.3527379414242285	5.28	0.1364	-0.0067608060225600565
37UDZTHY	math	0.2856446310253787	4.45	0.1429	0.11459386848391008
3YX63NZD	computer science	0.0001	4.74	0.0001	0.0001
3YX63NZD	art history	0.3659242121275341	5.04	0.0001	0.0001
3YX63NZD	music	0.310560483758008	5.52	0.0001	0.0001
3YX63NZD	architecture	0.273206618610865	4.42	0.0833	0.024815961052997455
3YX63NZD	industrial design	0.4003975528385031	4.58	0.0001	0.0001
3YX63NZD	graphic design	0.4908323423489205	4.18	0.0588	0.0001
3YX63NZD	electrical engineering	0.3519124655918069	4.27	0.1176	0.0001
3YX63NZD	mechanical engineering	0.6227162681378827	4.2	0.1	0.0001
3YX63NZD	music technology	0.3225290550167805	4.95	0.1667	0.0001
3YX63NZD	biology	0.2872345580470643	4.22	0.0001	0.0001
3YX63NZD	chemistry	0.5806795920598807	4.35	0.0769	0.3919912497470788
3YX63NZD	english	0.4317598212125821	5.19	0.4615	0.01873631056077745
40SNDKQR	chemistry	0.0001	4.35	0.0001	0.0001
40SNDKQR	chinese	0.2644324734304608	5.01	0.0769	0.0043616199709809265
40SNDKQR	art history	0.1657292310044416	5.04	0.1111	0.0001
40SNDKQR	biology	0.3570113301975508	4.22	0.0769	0.0001
40SNDKQR	history	0.4353337093934291	5.39	0.3846	0.05216510344442001
40SNDKQR	film production	0.2300725393058036	4.87	0.1333	0.0001
40SNDKQR	screen writing	0.3648066206573588	4.65	0.1333	0.0001
40SNDKQR	visual arts	0.3838440671082951	4.29	0.25	0.0001
40SNDKQR	political science	0.3600805005848739	4.9	0.1667	0.0001
40SNDKQR	government and legal studies	0.4228521137134888	4.67	0.0001	0.0001
40SNDKQR	biochemistry	0.2421105560185376	3.36	0.1	0.0001
40SNDKQR	business	0.2343035673725052	5.56	0.1905	-0.005553849299270831
40SNDKQR	economics	0.4755578179037245	4.42	0.1429	0.03021936082656115
40SNDKQR	romance languages	0.2603335700370827	4.06	0.1538	0.0001
40SNDKQR	physics	0.2770445178199751	4.39	0.2308	0.0001
40SNDKQR	psychology	0.5067575290790096	4.31	0.2308	0.12621355673244553
40SNDKQR	sociology	0.5837935931135537	3.78	0.0001	0.05655072787715982
476LZI3N	economics	0.0001	4.42	0.0001	0.0001
476LZI3N	math	0.4659128889235033	4.45	0.3333	0.34475127254841675
476LZI3N	physics	0.5942729701701036	4.39	0.0769	0.6432830355825415
476LZI3N	chemistry	0.6505481012207147	4.35	0.1538	0.7307068382836395
476LZI3N	biology	0.5806795920598807	4.22	0.0769	0.8277004050971606
476LZI3N	government	0.1416815566472814	5.57	0.0769	0.09054095522468214
476LZI3N	environmental studies	0.2740942228908525	4.52	0.0001	0.0001
476LZI3N	education	0.413223949202762	5.28	0.0714	0.0001
476LZI3N	visual arts	0.3449301960930998	4.29	0.2143	0.0001
476LZI3N	history	0.3841147450091716	5.39	0.1667	0.0001
476LZI3N	engineering	0.3832045629249152	4.8	0.16	0.1293957605077904
476LZI3N	business	0.4508381875140326	5.56	0.08	0.35564373416109424
476LZI3N	art history	0.3075457910761988	5.04	0.0476	0.0001
4CA4DFWP	art	0.0001	5.29	0.0001	0.0001
4CA4DFWP	computer science	0.2739621779684926	4.74	0.0769	0.0001
4CA4DFWP	asian studies	0.3578047494359252	4.51	0.3333	0.0001
4CA4DFWP	gender studies	0.4690973683637115	4.44	0.1053	0.0001
4CA4DFWP	hispanic studies	0.4218255667393036	3.93	0.2105	0.0001
4CA4DFWP	francophone studies	0.5381335061120963	2.75	0.1429	0.0001
4CA4DFWP	economics	0.2772855096689772	4.42	0.1	0.0001
4CA4DFWP	environmental science	0.4176559555555108	4.56	0.1667	0.0001
4CA4DFWP	biology	0.4876331127934437	4.22	0.1538	0.0001
4CA4DFWP	psychology	0.5514026736006091	4.31	0.1538	0.37068692826494803
4CA4DFWP	sociology	0.5837935931135537	3.78	0.0001	0.3008886577226404
4CA4DFWP	chemistry	0.3756956284235466	4.35	0.0769	0.15665037552904643
4CA4DFWP	biochemistry	0.5163536755691241	3.36	0.1538	0.2414387960580368
4CA4DFWP	neuroscience	0.5945033038777696	3.45	0.0001	0.024219544306023213
4CA4DFWP	accounting	0.3035566470557502	4.29	0.0001	-0.01396177178435988
4CA4DFWP	business	0.4872674747408636	5.56	0.0476	0.24790860719692784
4CA4DFWP	finance	0.4890077898738023	4.65	0.1429	0.18294010602759697
4CA4DFWP	engineering	0.4870444443487616	4.8	0.08	0.21402840791641875
4CA4DFWP	music	0.2758221559996046	5.52	0.16	0.04339820466040735
4CA4DFWP	political science	0.2432503288216098	4.9	0.4167	0.0001
4CA4DFWP	government	0.4657670096226518	5.57	0.2	0.0001
56M8U5A5	biology	0.0001	4.22	0.0001	0.0001
56M8U5A5	chemistry	0.5806795920598807	4.35	0.0769	0.29027102531455123
56M8U5A5	economics	0.3957642602920116	4.42	0.1538	0.06461877863218346
56M8U5A5	physics	0.4888759143818304	4.39	0.1538	0.15906866280190274
56M8U5A5	neuroscience	0.3293735730948943	3.45	0.0001	0.09910893484852516
56M8U5A5	finance	0.2601332941591575	4.65	0.1053	0.03230272135223031
56M8U5A5	international relations	0.333236308768299	4.59	0.1053	0.0001
56M8U5A5	government	0.3730332032757009	5.57	0.1	0.0001
56M8U5A5	sociology	0.3133837176471599	3.78	0.1	0.05992799716040755
56M8U5A5	anthropology	0.5933899289420845	3.65	0.1	0.40582820495865857
56M8U5A5	gender and women's studies	0.3377498216784802	4.25	0.2667	0.0001
56M8U5A5	art	0.0974513342636804	5.29	0.0667	0.0001
56M8U5A5	music	0.3532745306914943	5.52	0.1538	0.28269111510064787
56M8U5A5	dance	0.5108597497843897	4.93	0.3333	0.2524322969479291
56M8U5A5	theater	0.3361614831112545	4.35	0.0952	0.06852703576022019
5K82MZW1	art history	0.0001	5.04	0.0001	0.0001
5K82MZW1	africana studies	0.4260443097980435	2.23	0.1429	0.0001
5K82MZW1	asian studies	0.6164781049306765	4.51	0.0714	0.0001
5K82MZW1	chinese	0.5086514814409341	5.01	0.1111	0.0001
5K82MZW1	japanese	0.6300351928052154	4.81	0.0001	0.6354730182842199
5K82MZW1	german	0.5186258420459211	4.95	0.1429	0.13892593094112193
5K82MZW1	french	0.6246213969964196	5.09	0.0455	0.26209983813328996
5K82MZW1	spanish	0.7232482277952562	4.73	0.0909	0.432435100544066
5K82MZW1	italian	0.606716424079459	4.66	0.0001	0.16359158919764497
5K82MZW1	mathematics	0.2234681607534969	4.15	0.0714	0.04940345611403746
5K82MZW1	physics	0.5674394230223329	4.39	0.0714	0.22016384514593199
5K82MZW1	chemistry	0.6505481012207147	4.35	0.1538	0.07038051612171708
5K82MZW1	biology	0.5806795920598807	4.22	0.0769	0.23053477167796962
5K82MZW1	neuroscience	0.4403773206421744	3.45	0.0001	0.12460208882875572
5K82MZW1	psychology	0.53382919084099	4.31	0.0001	0.20617091719022632
5K82MZW1	visual arts	0.3721043887427598	4.29	0.1667	0.0001
5K82MZW1	english	0.3013917653270244	5.19	0.0833	0.0001
5K82MZW1	history	0.4882463050763406	5.39	0.0909	0.03535908740353355
5K82MZW1	political science	0.4773560413012205	4.9	0.2727	0.0001
5K82MZW1	classics	0.1798190903675589	3.9	0.0667	0.0001
5K82MZW1	creative writing	0.2888837062706773	4.47	0.1333	0.0001
5K82MZW1	theater	0.2321784576342631	4.35	0.1905	0.0001
5K82MZW1	dance	0.3361614831112545	4.93	0.0952	0.17584508675517585
64LRAXDJ	anthropology	0.0001	3.65	0.0001	0.0001
64LRAXDJ	psychology	0.5052531257799697	4.31	0.125	0.016190464273576337
64LRAXDJ	math	0.4097192505816444	4.45	0.0001	0.007251774120603675
64LRAXDJ	physics	0.5942729701701036	4.39	0.0769	0.2196950645086828
64LRAXDJ	sociology	0.366140006023628	3.78	0.3077	0.0543578560497589
64LRAXDJ	government	0.3133837176471599	5.57	0.1	0.07518223046396362
64LRAXDJ	visual arts	0.2939244293329768	4.29	0.3333	0.0001
64LRAXDJ	journalism	0.2485200943763738	4.12	0.0001	0.0001
64LRAXDJ	chemistry	0.3555897666211456	4.35	0.0001	0.0009791737103305455
64LRAXDJ	biology	0.5806795920598807	4.22	0.0769	0.09383915288419832
64LRAXDJ	human rights	0.2157740659272879	4.96	0.0769	0.0001
64LRAXDJ	biology	0.2157740659272879	4.22	0.0769	0.0001
64LRAXDJ	film	0.2864873061321163	5.2	0.0769	0.019688728163789155
6CDVQX7L	psychology	0.0001	4.31	0.0001	0.0001
6CDVQX7L	education	0.325822340651554	5.28	0.1429	0.04787694553109853
6CDVQX7L	finance	0.4566720538360156	4.65	0.2105	0.020011160085312268
6CDVQX7L	computer science	0.3613978501758292	4.74	0.0526	0.0001
6CDVQX7L	chemistry	0.402041532592106	4.35	0.0001	0.0001
6CDVQX7L	biology	0.5806795920598807	4.22	0.0769	0.06356369667920293
6CDVQX7L	art	0.2468561244224513	5.29	0.0001	0.050162094231694314
6CDVQX7L	math	0.2962142841917284	4.45	0.1538	0.09653537635542607
6CDVQX7L	anthropology	0.2901948806917164	3.65	0.1111	0.08061727378852201
6CDVQX7L	history	0.3288504977096842	5.39	0.1818	0.061800611645736796
6CDVQX7L	sociology	0.3899654801577464	3.78	0.5455	-0.017398759205588678
6CDVQX7L	english	0.3023128185956538	5.19	0.0001	0.01433999405970064
6CDVQX7L	economics	0.3197095258015807	4.42	0.125	0.0363520117090189
6CDVQX7L	history	0.4403030685433398	5.39	0.0909	0.02642959298884287
6CDVQX7L	asian studies	0.2968659193957322	4.51	0.1818	0.0001
6CDVQX7L	hispanic studies	0.6516405752597566	3.93	0.1429	0.0001
6CDVQX7L	latin american studies	0.7318876054805574	4.33	0.4706	0.0001
6D26ZXC8	psychology	0.0001	4.31	0.0001	0.0001
6D26ZXC8	biology	0.5514026736006091	4.22	0.1538	0.45172911622337847
6D26ZXC8	chemistry	0.5806795920598807	4.35	0.0769	0.15127791338972724
6D26ZXC8	physics	0.6505481012207147	4.39	0.1538	0.1828020139808567
6D26ZXC8	asian studies	0.3164701082394845	4.51	0.1538	0.0001
6D26ZXC8	mathematics	0.3032162111581074	4.15	0.0714	0.0001
6D26ZXC8	history	0.4208408024268002	5.39	0.1429	0.057630386463402135
6D26ZXC8	romance languages	0.2607849252678966	4.06	0.1538	0.0001
6D26ZXC8	hispanic studies	0.3426984808044512	3.93	0.0714	0.0001
6D26ZXC8	anthropology	0.4251832225251228	3.65	0.2857	0.0001
6D26ZXC8	environmental studies	0.4268161418120869	4.52	0.0001	0.0001
6D26ZXC8	education	0.413223949202762	5.28	0.0714	0.0001
6PJDUW9O	mathematics	0.0001	4.15	0.0001	0.0001
6PJDUW9O	biology	0.408384922743373	4.22	0.0714	0.32478302122143354
6PJDUW9O	chemistry	0.5806795920598807	4.35	0.0769	0.5297536218358536
6PJDUW9O	biochemistry	0.5163536755691241	3.36	0.1538	0.2932976048760273
6PJDUW9O	anthropology	0.4063004622613559	3.65	0.1	0.11036275014715245
6PJDUW9O	computer science	0.3735065265536844	4.74	0.125	0.0001
6PJDUW9O	visual arts	0.4030136215534878	4.29	0.0833	0.0001
6PJDUW9O	theater	0.3971381782856455	4.35	0.1429	0.0001
6PJDUW9O	physics	0.2340646063930668	4.39	0.0952	-0.0224735565540361
6PJDUW9O	engineering	0.5138775231978104	4.8	0.32	0.3012443400015509
6PJDUW9O	education	0.3939347511813843	5.28	0.16	0.19076477203771175
6PJDUW9O	business	0.4479207708391124	5.56	0.2857	0.1342563965326511
6PJDUW9O	finance	0.4890077898738023	4.65	0.1429	0.22176639162103534
6PJDUW9O	economics	0.3981005579802696	4.42	0.1053	0.1846576546644336
6PJDUW9O	government	0.3782188808870199	5.57	0.2	0.0925314778262299
6PJDUW9O	cooking	0.2289652872408735	4.45	0.2	-0.0778438502473767
6PJDUW9O	sports management	0.2155384357021972	4.72	0.0001	0.0001
6PJDUW9O	arabic	0.0933118323964938	4.03	0.125	0.0001
6PJDUW9O	spanish	0.5612523065311941	4.73	0.0001	0.4168204778021397
6PJDUW9O	asian studies	0.3630209160966045	4.51	0.1111	0.0001
6PJDUW9O	gsws	0.2685641480363361	1.12	0.1818	0.0001
6VBV95IL	neuroscience	0.0001	3.45	0.0001	0.0001
6VBV95IL	chemistry	0.3821027186023344	4.35	0.0769	0.15137848911582125
6VBV95IL	biology	0.5806795920598807	4.22	0.0769	0.4093220989775626
6VBV95IL	religion	0.3079530219831619	4.74	0.1364	0.09530207594854187
6VBV95IL	physics	0.3945605426652094	4.39	0.1364	0.038073425445783626
6VBV95IL	biochemistry	0.3261483018650962	3.36	0.2308	0.25621879273197784
6VBV95IL	africana studies	0.4364748878715201	2.23	0.2143	0.0001
6VBV95IL	theater	0.1943451920473449	4.35	0.1905	0.0001
6VBV95IL	visual arts	0.3971381782856455	4.29	0.1429	0.0001
6VBV95IL	psychology	0.3721043887427598	4.31	0.1667	0.0001
6VBV95IL	philosophy	0.5376791465242788	4.49	0.7143	0.28149544233770124
6VBV95IL	government	0.3478338832664939	5.57	0.1	0.11195723489502368
6VBV95IL	education	0.4370448548674535	5.28	0.3571	0.12692007367240524
6VBV95IL	math	0.2856446310253787	4.45	0.1429	0.04485190699220716
6VBV95IL	computer science	0.4120866277401973	4.74	0.0001	0.0001
6XD6NVVO	anthropology	0.0001	3.65	0.0001	0.0001
6XD6NVVO	philosophy	0.4347813769509818	4.49	0.125	0.3781398108908895
6XD6NVVO	linguistics	0.4215270603723724	3.43	0.0001	0.3942059898225053
6XD6NVVO	math	0.331690230015905	4.45	0.4615	0.3747698843526988
6XD6NVVO	physics	0.5942729701701036	4.39	0.0769	0.6923801120613366
6XD6NVVO	chemistry	0.6505481012207147	4.35	0.1538	0.7643238961966189
6XD6NVVO	musical studies	0.4031879609458741	4.38	0.9231	0.0001
6XD6NVVO	medieval studies	0.5117230442242627	4.0	0.0833	0.0001
6XD6NVVO	asian studies	0.3955828555723113	4.51	0.2	0.0001
6XD6NVVO	latinx studies	0.6203836418581525	2.31	0.1667	0.0001
6XD6NVVO	psychology	0.4644678346145119	4.31	0.125	0.0001
6XD6NVVO	sociology	0.5837935931135537	3.78	0.0001	0.6895031848842637
6XD6NVVO	biology	0.4383203008512851	4.22	0.3077	0.39233787214627286
6XD6NVVO	neuroscience	0.4403773206421744	3.45	0.0001	0.48745493949122437
6XD6NVVO	computer science	0.3607050880933083	4.74	0.25	0.0001
73N2RQWR	neuroscience	0.0001	3.45	0.0001	0.0001
73N2RQWR	psychology	0.53382919084099	4.31	0.0001	0.27694489418225055
73N2RQWR	biochemistry	0.4015918200446068	3.36	0.0001	0.33062672842991864
73N2RQWR	biology	0.5395119205157601	4.22	0.0769	0.723593832245063
73N2RQWR	chemistry	0.5806795920598807	4.35	0.0769	0.7065231977384644
73N2RQWR	anthropology	0.3089251282446084	3.65	0.2308	0.06846585350248865
73N2RQWR	sociology	0.5933899289420845	3.78	0.1	0.07117773898883856
73N2RQWR	visual arts	0.299787794364189	4.29	0.1667	0.0001
73N2RQWR	theater	0.3971381782856455	4.35	0.1429	0.0001
73N2RQWR	dance	0.3361614831112545	4.93	0.0952	0.0452321801672799
73N2RQWR	math	0.254465022119497	4.45	0.1111	-0.003773202415276586
73N2RQWR	physics	0.5942729701701036	4.39	0.0769	0.7247613502007241
73N2RQWR	government	0.2704058950621103	5.57	0.1538	-0.002373728177625025
73N2RQWR	legal studies	0.3495001441596046	4.73	0.0909	0.0001
73N2RQWR	public health	0.3273054013317352	5.2	0.5714	0.0001
73N2RQWR	economics	0.2709531416848336	4.42	0.1429	0.0001
73N2RQWR	language	0.3494334740833079	5.1	0.0833	0.045646866881488904
73N2RQWR	latin american studies	0.3156834959607328	4.33	0.4118	0.0001
7SUXPU9Y	math	0.0001	4.45	0.0001	0.0001
7SUXPU9Y	history	0.4923999716606431	5.39	0.0001	0.20631491451186706
7SUXPU9Y	chemistry	0.4490372783542884	4.35	0.0769	0.15274177921182983
7SUXPU9Y	physics	0.6505481012207147	4.39	0.1538	0.5976086605616968
7SUXPU9Y	classics	0.2498183538006524	3.9	0.1333	-0.008080060874622883
7SUXPU9Y	gender studies	0.246420659657488	4.44	0.2105	0.0001
7SUXPU9Y	business	0.3833076023944208	5.56	0.1905	0.0001
7SUXPU9Y	economics	0.4755578179037245	4.42	0.1429	0.5505676223109897
7SUXPU9Y	music	0.2871087730866049	5.52	0.1667	0.003787936951253883
7SUXPU9Y	government	0.2308560478998002	5.57	0.25	-0.020960990909199086
7SUXPU9Y	nursing	0.2137993949353671	4.32	0.1	0.14268592031669272
7SUXPU9Y	geology	0.2764106534080833	3.76	0.0667	0.06316588574095762
7SUXPU9Y	english	0.2130911982516474	5.19	0.1333	0.03672368384354862
86EKSDZC	history	0.0001	5.39	0.0001	0.0001
86EKSDZC	art history	0.6323343781935039	5.04	0.1818	0.0001
86EKSDZC	engineering	0.3607489083894775	4.8	0.04	0.0001
86EKSDZC	biology	0.314094006179211	4.22	0.28	0.011580946720165
86EKSDZC	physics	0.5473038776114306	4.39	0.5385	0.01827906025399954
86EKSDZC	chemistry	0.6505481012207147	4.35	0.1538	0.10018585541499603
86EKSDZC	geology	0.3877247851630196	3.76	0.1333	-0.032725187902603196
86EKSDZC	neuroscience	0.3992199935788685	3.45	0.1333	0.0
86EKSDZC	psychology	0.53382919084099	4.31	0.0001	0.0
86EKSDZC	english	0.4019827045496922	5.19	0.0001	0.002266959967244909
86EKSDZC	italian	0.4518715980821286	4.66	0.0001	0.06509738602583398
86EKSDZC	japanese	0.5342474996412457	4.81	0.0001	0.23330774323563802
86EKSDZC	chinese	0.6300351928052154	5.01	0.0001	0.3250071850424912
86EKSDZC	asian studies	0.5086514814409341	4.51	0.1111	0.0001
86EKSDZC	russian	0.4088880964134003	5.01	0.1111	0.0001
86EKSDZC	french	0.5244029121064546	5.09	0.0909	0.042454594191586634
86EKSDZC	government	0.3159066954254959	5.57	0.1818	0.06066723690794407
86EKSDZC	mathematics	0.2573255682689525	4.15	0.1429	0.0021098702769830895
86EKSDZC	eos	0.1547734698407628	3.23	0.2857	0.09127694612333863
86EKSDZC	dcs	0.1439651584647793	2.93	0.0909	0.0
8BL6X7AX	business	0.0001	5.56	0.0001	0.0001
8BL6X7AX	econ	0.3483688512247864	3.11	0.2381	0.6650717068688233
8BL6X7AX	gender studies	0.3640122921781046	4.44	0.1579	0.0001
8BL6X7AX	russian	0.3364313741279028	5.01	0.1053	0.0001
8BL6X7AX	gov	0.1754294327869897	4.01	0.1667	0.058650667493608484
8BL6X7AX	math	0.2721266656235244	4.45	0.0001	0.4563777404029399
8BL6X7AX	biochem	0.1834097238997547	2.41	0.0001	0.2938190112893131
8BL6X7AX	chem	0.4978877771358154	3.46	0.0526	0.7832522936527171
8BL6X7AX	bio	0.3667708264083498	4.07	0.1429	0.9498097044990736
8BL6X7AX	comp sci	0.3202847170924678	3.59	0.1111	0.0001
8BL6X7AX	dcs	0.2306924633352112	2.93	0.1111	0.0001
8JEQ20SU	chemistry	0.0001	4.35	0.0001	0.0001
8JEQ20SU	biology	0.5806795920598807	4.22	0.0769	0.4643783318176717
8JEQ20SU	math	0.4848294269684527	4.45	0.0769	0.34371896612075403
8JEQ20SU	english	0.4881236537657638	5.19	0.0001	0.13128353071048254
8JEQ20SU	psychology	0.4019827045496922	4.31	0.0001	0.06447831582390451
8JEQ20SU	sociology	0.5837935931135537	3.78	0.0001	0.5134062070160899
8JEQ20SU	physics	0.366140006023628	4.39	0.3077	0.24212766738004485
8PAKX1OM	anthropology	0.0001	3.65	0.0001	0.0001
8PAKX1OM	sociology	0.5933899289420845	3.78	0.1	0.45344691529944464
8PAKX1OM	psychology	0.5837935931135537	4.31	0.0001	0.39454873914371513
8PAKX1OM	econ	0.3732996914102134	3.11	0.0001	0.10388355822110275
8PAKX1OM	math	0.3228721285299474	4.45	0.2222	0.2867148853391297
8PAKX1OM	urban studies	0.2168709109507856	4.48	0.0001	0.0001
8PAKX1OM	english	0.2347895570659536	5.19	0.0909	0.0001
8PAKX1OM	music	0.3430924099291348	5.52	0.1667	0.005000615851883555
8PAKX1OM	eos	0.1864335755031099	3.23	0.1667	0.013511269728123219
8PAKX1OM	arabic	0.2166743726997735	4.03	0.0909	0.08781897894175239
8PAKX1OM	french	0.5157578029631602	5.09	0.0909	0.36784082183734873
8PAKX1OM	italian	0.5853330091830443	4.66	0.1364	0.47098648832973633
8PAKX1OM	spanish	0.606716424079459	4.73	0.0001	0.4979424056122446
8PAKX1OM	romance languages	0.4294020887979259	4.06	0.0001	0.0001
8PAKX1OM	latinx studies	0.3551489163884345	2.31	0.0833	0.0001
8PAKX1OM	arctic studies	0.6239856329730069	3.98	0.125	0.0001
8PAKX1OM	philosophy	0.2680972289856375	4.49	0.0001	0.0001
8PAKX1OM	bio	0.2829048421748494	4.07	0.1429	0.031151232343704992
8ZC5BFHF	math	0.0001	4.45	0.0001	0.0001
8ZC5BFHF	econ	0.3228721285299474	3.11	0.2222	0.30729426839046414
8ZC5BFHF	business	0.3483688512247864	5.56	0.2381	0.0903974880754704
8ZC5BFHF	accounting	0.4872674747408636	4.29	0.0476	0.2318480658224744
8ZC5BFHF	english	0.3301148597581169	5.19	0.125	0.07535280786922433
8ZC5BFHF	visual arts	0.3013917653270244	4.29	0.0833	0.0001
8ZC5BFHF	performing arts	0.676561867169041	4.32	0.1667	0.0001
8ZC5BFHF	hispanic studies	0.1871683792788449	3.93	0.1429	0.0001
8ZC5BFHF	french	0.374841103800555	5.09	0.2727	0.0001
8ZC5BFHF	religion	0.2798201594117538	4.74	0.1818	0.004052884896449547
8ZC5BFHF	biology	0.3079530219831619	4.22	0.1364	0.06277475471893972
8ZC5BFHF	biochemistry	0.5395119205157601	3.36	0.0769	0.2885666852768412
8ZC5BFHF	chemistry	0.5163536755691241	4.35	0.1538	0.36963313817868665
8ZC5BFHF	earth and ocean studies	0.2574292720101101	4.41	0.2308	0.0001
8ZC5BFHF	anthropology	0.351535308314997	3.65	0.25	0.0001
8ZC5BFHF	sociology	0.5933899289420845	3.78	0.1	0.403399730628201
8ZC5BFHF	psychology	0.5837935931135537	4.31	0.0001	0.5333504373408532
8ZC5BFHF	neuroscience	0.53382919084099	3.45	0.0001	0.34998848510864333
8ZC5BFHF	computer science	0.3607050880933083	4.74	0.25	0.0001
97N7CQ49	asian studies	0.0001	4.51	0.0001	0.0001
97N7CQ49	education	0.3894948734687387	5.28	0.0714	0.0001
97N7CQ49	mathematics	0.3564935688852342	4.15	0.1429	0.17983127702985596
97N7CQ49	environmental studies	0.2773023119921541	4.52	0.1429	0.0001
97N7CQ49	earth and oceanographic studies	0.5444957729889532	2.82	0.0001	0.0001
97N7CQ49	hispanic studies	0.4044735659869772	3.93	0.2143	0.0001
97N7CQ49	anthropology	0.4251832225251228	3.65	0.2857	0.0001
97N7CQ49	chemistry	0.3089251282446084	4.35	0.2308	0.0791803228366182
97N7CQ49	biology	0.5806795920598807	4.22	0.0769	0.5299998974912902
97N7CQ49	physics	0.5473038776114306	4.39	0.5385	0.48063291921613
97N7CQ49	history	0.4709249457765346	5.39	0.3077	0.0917751773213328
97N7CQ49	classics	0.3442356658735941	3.9	0.1333	0.19943886929701574
97N7CQ49	english	0.3214196420286952	5.19	0.0667	0.15941379046745435
97N7CQ49	francophone studies	0.481926983089691	2.75	0.0001	0.0001
97N7CQ49	africana studies	0.549228959995003	2.23	0.0001	0.0001
9KZ4Q91O	business	0.0001	5.56	0.0001	0.0001
9KZ4Q91O	marketing	0.5466912441340785	4.78	0.0952	0.28518646651071206
9KZ4Q91O	media studies	0.4351710789664164	4.81	0.0833	0.0001
9KZ4Q91O	cinema studies	0.5218171331483615	4.11	0.0833	0.0001
9KZ4Q91O	biology	0.3121978301815443	4.22	0.3077	0.0001
9KZ4Q91O	environmental science	0.4876331127934437	4.56	0.1538	0.0001
9KZ4Q91O	environmental studies	0.7985037877355523	4.52	0.1	0.0001
9KZ4Q91O	bioinformatics	0.3849199119806552	2.82	0.0001	0.0001
9KZ4Q91O	evolutionary and ecological biology	0.450486086434342	3.42	0.25	0.0001
9KZ4Q91O	chemistry	0.2330776962760892	4.35	0.1538	0.0001
9KZ4Q91O	biochemistry	0.5163536755691241	3.36	0.1538	0.5120521107192672
9KZ4Q91O	archaeology	0.3286183244982322	3.57	0.2	0.055203824298951217
9KZ4Q91O	anthropology	0.6167089875286917	3.65	0.0001	0.4858711925038811
9KZ4Q91O	sociology	0.5933899289420845	3.78	0.1	0.6566078524541648
9KZ4Q91O	psychology	0.5837935931135537	4.31	0.0001	0.6413236652660325
9KZ4Q91O	physics	0.5067575290790096	4.39	0.2308	0.24828573990697886
9KZ4Q91O	biophysics	0.4082656577630653	2.58	0.2308	0.2036376265439345
9KZ4Q91O	civil engineering	0.1881069329927277	4.56	0.0001	0.0001
9KZ4Q91O	electrical and computer engineering	0.4795928325470341	4.19	0.1818	0.0001
9KZ4Q91O	bioengineering	0.3784618146147649	2.55	0.125	0.0001
9KZ4Q91O	mechanical engineering	0.5291592443982726	4.2	0.1333	0.0001
9O2ABUMY	political science	0.0001	4.9	0.0001	0.0001
9O2ABUMY	communications	0.3582695667348009	4.59	0.125	0.0001
9O2ABUMY	economics	0.2299290564345023	4.42	0.125	0.17031835005333254
9O2ABUMY	nursing	0.288575000459873	4.32	0.0001	0.1423089262432756
9O2ABUMY	english	0.2994768577464055	5.19	0.0001	0.03298491610991301
9O2ABUMY	math	0.4881236537657638	4.45	0.0001	0.14576006372420253
9O2ABUMY	physics	0.5942729701701036	4.39	0.0769	0.3854538206047987
9O2ABUMY	neuroscience	0.3293735730948943	3.45	0.0001	0.15708514712714847
9O2ABUMY	environmental science	0.4647171597177664	4.56	0.0001	0.0001
9O2ABUMY	anthropology	0.4828850357202081	3.65	0.125	0.0001
A5YUTA1F	dcs	0.0001	2.93	0.0001	0.0001
A5YUTA1F	computer science	0.1917952445691682	4.74	0.3333	0.0001
A5YUTA1F	political science	0.543842312685342	4.9	0.2	0.0001
A5YUTA1F	biochemistry	0.304624502591142	3.36	0.1	0.0001
A5YUTA1F	chemistry	0.5163536755691241	4.35	0.1538	0.15007574702036572
A5YUTA1F	physics	0.6505481012207147	4.39	0.1538	0.5955856886179113
A5YUTA1F	mathematics	0.5674394230223329	4.15	0.0714	0.5108725421576386
A5YUTA1F	education	0.3564935688852342	5.28	0.1429	0.15213038244935287
A5YUTA1F	english	0.3486309293951046	5.19	0.1429	0.03393857945206589
A5YUTA1F	art history	0.3123668552206067	5.04	0.125	0.0001
A5YUTA1F	anthropology	0.3866197529994797	3.65	0.0001	0.0001
A5YUTA1F	cinema studies	0.3024045065947545	4.11	0.1	0.0001
A5YUTA1F	statistics	0.1533192921701953	4.6	0.25	0.0001
A5YUTA1F	business	0.4121150204076922	5.56	0.1905	-0.038031045882563425
A5YUTA1F	finance	0.4890077898738023	4.65	0.1429	0.1968441147855102
A5YUTA1F	economics	0.3981005579802696	4.42	0.1053	0.14137884144182888
A5YUTA1F	classics	0.3081476634702353	3.9	0.1333	-0.010650855538509717
AJVNZ9CE	biology	0.0001	4.22	0.0001	0.0001
AJVNZ9CE	chemistry	0.5806795920598807	4.35	0.0769	0.6836933681452858
AJVNZ9CE	data science	0.4036267723026009	4.92	0.1538	0.0001
AJVNZ9CE	political science	0.5420337657388641	4.9	0.1111	0.0001
AJVNZ9CE	government	0.4657670096226518	5.57	0.2	0.0001
AJVNZ9CE	law	0.5019712978544907	5.46	0.1	0.21596318427265038
AJVNZ9CE	history	0.4172727373850713	5.39	0.0909	0.10043295345544576
AJVNZ9CE	art history	0.6323343781935039	5.04	0.1818	0.0001
AJVNZ9CE	european history	0.5616334008820891	4.91	0.1	0.0001
AJVNZ9CE	psychology	0.3362008102861076	4.31	0.3	0.0001
AJVNZ9CE	philosophy	0.5376791465242788	4.49	0.7143	0.5552642042733636
AJVNZ9CE	kinesiology	0.2545856497950782	2.37	0.1429	0.2135460218535275
AJVNZ9CE	economics	0.2822445298138538	4.42	0.0001	0.21396821484110115
AJVNZ9CE	education	0.3409529446144576	5.28	0.2857	0.2708529952905452
AJVNZ9CE	computer science	0.3499818466040085	4.74	0.1429	0.0001
AJVNZ9CE	math	0.4120866277401973	4.45	0.0001	0.0001
AJVNZ9CE	statistics	0.4429008875910216	4.6	0.1	0.6633667652154832
AWO2EA8Q	biology	0.0001	4.22	0.0001	0.0001
AWO2EA8Q	chemistry	0.5806795920598807	4.35	0.0769	0.7091098123191261
AWO2EA8Q	psychology	0.4676732495170208	4.31	0.0769	0.48658199844148764
AWO2EA8Q	physics	0.5067575290790096	4.39	0.2308	0.47739610631257173
AWO2EA8Q	mathematics	0.5674394230223329	4.15	0.0714	0.3171348459329888
AWO2EA8Q	computer science	0.4405934381495712	4.74	0.0714	0.0001
AWO2EA8Q	neuroscience	0.3607050880933083	3.45	0.25	0.0001
AWO2EA8Q	english	0.1492327174534544	5.19	0.125	0.09404660052872948
AWO2EA8Q	history	0.4882463050763406	5.39	0.0909	0.05609151646616609
AWO2EA8Q	government	0.3819277921814907	5.57	0.0001	-0.01996600852524068
AWO2EA8Q	philosophy	0.3478338832664939	4.49	0.1	0.05729389719055811
AWO2EA8Q	religion	0.377645589405914	4.74	0.0909	0.16525620202788607
AWO2EA8Q	education	0.3527379414242285	5.28	0.1364	-0.046869282882012024
AWO2EA8Q	mathematics	0.3564935688852342	4.15	0.1429	0.146312294866455
AWO2EA8Q	environmental studies	0.2773023119921541	4.52	0.1429	0.0001
AWO2EA8Q	anthropology	0.4268161418120869	3.65	0.0001	0.0001
AWO2EA8Q	sociology	0.5933899289420845	3.78	0.1	0.4446039360162474
AWO2EA8Q	theater and dance	0.1372156491872734	4.25	0.1	0.0001
AWO2EA8Q	art	0.2158963076040991	5.29	0.0769	0.0001
AWO2EA8Q	art history	0.7137494454557008	5.04	0.0001	0.0001
AWO2EA8Q	asian studies	0.3021273049229718	4.51	0.1111	0.0001
AWO2EA8Q	chinese	0.5086514814409341	5.01	0.1111	0.0001
AWO2EA8Q	french	0.493503984119803	5.09	0.0909	0.17576247077437906
AWO2EA8Q	spanish	0.7232482277952562	4.73	0.0909	0.4806394565787503
AWO2EA8Q	public health	0.2118224751955001	5.2	0.0714	0.0001
B3MZX5TF	economics	0.0001	4.42	0.0001	0.0001
B3MZX5TF	finance	0.3981005579802696	4.65	0.1053	0.21095628007135833
B3MZX5TF	mathematics	0.3219073893863577	4.15	0.5789	-0.030661512136058795
B3MZX5TF	computer science	0.4405934381495712	4.74	0.0714	0.0001
B3MZX5TF	biology	0.4162770947448582	4.22	0.0769	0.0001
B3MZX5TF	chemistry	0.5806795920598807	4.35	0.0769	0.47753286831619624
B3MZX5TF	physics	0.6505481012207147	4.39	0.1538	0.6148030631729382
B3MZX5TF	anthropology	0.2727275701838583	3.65	0.3077	0.09870876207330431
B3MZX5TF	music	0.181738278926028	5.52	0.0833	-0.018778936049490054
B3MZX5TF	archaeology	0.1500254951419245	3.57	0.0833	0.008310352880834938
B3MZX5TF	engineering	0.2595953663138249	4.8	0.12	0.12368194967004427
B3MZX5TF	business	0.4508381875140326	5.56	0.08	0.17218588974593957
B3MZX5TF	hotel management	0.3346110159843636	4.73	0.0952	0.0001
B3MZX5TF	art	0.1859723925212798	5.29	0.0769	0.0001
B3MZX5TF	music	0.3532745306914943	5.52	0.1538	0.25458249487025564
BF3MN8ZR	biology	0.0001	4.22	0.0001	0.0001
BF3MN8ZR	political science	0.4256742885614504	4.9	0.1538	0.0001
BF3MN8ZR	mathematics	0.3671081908027021	4.15	0.0714	0.0001
BF3MN8ZR	economics	0.4144786624228256	4.42	0.2143	0.4367002898186942
BF3MN8ZR	finance	0.3981005579802696	4.65	0.1053	0.4774285339439448
BF3MN8ZR	communication	0.3853704715304589	4.68	0.0526	-0.002624574717033279
BF3MN8ZR	business	0.4027806654817438	5.56	0.0476	0.10172868053010106
BF3MN8ZR	physics	0.3855880355875318	4.39	0.1905	0.11406912181481195
BF3MN8ZR	neuroscience	0.3293735730948943	3.45	0.0001	0.058634935285051606
BF3MN8ZR	chemistry	0.3821027186023344	4.35	0.0769	-0.019473241893706413
BF3MN8ZR	computer science	0.402041532592106	4.74	0.0001	0.0001
BF3MN8ZR	education	0.3499818466040085	5.28	0.1429	0.0001
BF3MN8ZR	public health	0.3173890904271168	5.2	0.1429	0.0001
BF3MN8ZR	nursing	0.2861483700199476	4.32	0.0714	0.0001
BWQ1ZSYD	government and legal studies	0.0001	4.67	0.0001	0.0001
BWQ1ZSYD	political science	0.4228521137134888	4.9	0.0001	0.0001
BWQ1ZSYD	psychology	0.4448837089573733	4.31	0.2857	0.0001
BWQ1ZSYD	math	0.4097192505816444	4.45	0.0001	0.08312358266068513
BWQ1ZSYD	computer science	0.4120866277401973	4.74	0.0001	0.0001
BWQ1ZSYD	history	0.3969301116827852	5.39	0.0909	0.0001
BWQ1ZSYD	chinese	0.2650368191342094	5.01	0.0001	0.14889395423137833
BWQ1ZSYD	biology	0.2249513080692876	4.22	0.0769	0.024861514407082227
BWQ1ZSYD	chemistry	0.5806795920598807	4.35	0.0769	0.1133954070291694
BWQ1ZSYD	english	0.4317598212125821	5.19	0.4615	-0.055857215530029806
BWQ1ZSYD	music	0.3430924099291348	5.52	0.1667	0.06427532932424856
CI6QQA2Y	history	0.0001	5.39	0.0001	0.0001
CI6QQA2Y	environmental science	0.3039314454547992	4.56	0.0909	0.0001
CI6QQA2Y	environmental studies	0.7985037877355523	4.52	0.1	0.0001
CI6QQA2Y	biology	0.3929346926068593	4.22	0.0769	0.0001
CI6QQA2Y	hispanic studies	0.3581018092752757	3.93	0.5	0.0001
CI6QQA2Y	latin	0.4879392513768275	4.48	0.0001	0.0001
CI6QQA2Y	german	0.5169688564276276	4.95	0.0625	0.34893422403272945
CI6QQA2Y	french	0.6246213969964196	5.09	0.0455	0.4544445907542954
CI6QQA2Y	english	0.7451474507805892	5.19	0.0909	0.5528088157954298
CI6QQA2Y	math	0.4881236537657638	4.45	0.0001	0.12419122474998054
CI6QQA2Y	chemistry	0.5660799392542855	4.35	0.0769	0.3351276539768639
CI6QQA2Y	sociology	0.3756956284235466	3.78	0.0769	0.16457665391133258
CI6QQA2Y	psychology	0.5837935931135537	4.31	0.0001	0.5048320596813319
DUBYYHYX	anthropology	0.0001	3.65	0.0001	0.0001
DUBYYHYX	psychology	0.5052531257799697	4.31	0.125	0.1326296024833101
DUBYYHYX	arabic	0.2730778230889612	4.03	0.7143	0.007328684576764321
DUBYYHYX	french	0.5157578029631602	5.09	0.0909	0.1878510613226688
DUBYYHYX	spanish	0.7232482277952562	4.73	0.0909	0.2386073126215112
DUBYYHYX	german	0.5961284446515255	4.95	0.3333	0.21224356328626978
DUBYYHYX	russian	0.5874163396741656	5.01	0.1429	0.29809761772804994
DUBYYHYX	greek	0.4823730532850809	4.5	0.0769	0.029896188437617495
DUBYYHYX	neuroscience	0.3288833772363804	3.45	0.0001	-0.001046910453596826
DUBYYHYX	government	0.2209127298126152	5.57	0.1	-0.010823200592493802
DUBYYHYX	pre-law	0.2741924267459976	4.83	0.2	0.0
DUBYYHYX	philosophy	0.3820644033874166	4.49	0.0001	0.0
DUBYYHYX	music	0.3579681610121379	5.52	0.0833	0.043022958743840704
DUBYYHYX	literature	0.4389784428835275	4.62	0.129	0.08925111249128757
DUBYYHYX	english	0.4792282395004035	5.19	0.1613	0.09095019048855177
DUBYYHYX	physics	0.4592693518825732	4.39	0.0769	0.053079445147571146
DUBYYHYX	africana studies	0.3793723811872227	2.23	0.0714	0.0001
DUBYYHYX	sociology	0.5157478406132663	3.78	0.1429	0.0001
DUBYYHYX	economics	0.4469335874079365	4.42	0.2	0.20550184747005926
DUBYYHYX	chemistry	0.3957642602920116	4.35	0.1538	0.05663576486092355
DUBYYHYX	biology	0.5806795920598807	4.22	0.0769	0.25191653211428344
EA8GWQDV	philosophy	0.0001	4.49	0.0001	0.0001
EA8GWQDV	biology	0.4003983742534021	4.22	0.1538	0.06804753213831967
EA8GWQDV	chemistry	0.5806795920598807	4.35	0.0769	0.24632148021707023
EA8GWQDV	biochemistry	0.5163536755691241	3.36	0.1538	0.004946734197135446
EA8GWQDV	education	0.2616581523455555	5.28	0.1429	0.020954922282893383
EA8GWQDV	government	0.4370448548674535	5.57	0.3571	0.023932325689575266
EA8GWQDV	english	0.2703065258799078	5.19	0.1	0.014184031682550426
EA8GWQDV	history	0.4882463050763406	5.39	0.0909	0.02507573527908204
EA8GWQDV	psychology	0.4227987824379768	4.31	0.0909	-0.006785863848047235
EA8GWQDV	neuroscience	0.53382919084099	3.45	0.0001	-0.03477336967556937
EA8GWQDV	sociology	0.4193634474361194	3.78	0.0001	0.04708763506116706
EA8GWQDV	spanish	0.3131785369210293	4.73	0.0001	0.04075974404288355
EA8GWQDV	french	0.7232482277952562	5.09	0.0909	0.12397252161071895
EA8GWQDV	italian	0.5853330091830443	4.66	0.1364	0.041262231887300695
EA8GWQDV	japanese	0.5342474996412457	4.81	0.0001	0.03050529849679495
EA8GWQDV	chinese	0.6300351928052154	5.01	0.0001	0.04328787791214406
EA8GWQDV	forestry	0.2185249276504363	3.69	0.3333	-0.00815751783973767
EA8GWQDV	ecology	0.2890979825222971	3.74	0.1333	0.0013909486648151362
ESNMRF10	history	0.0001	5.39	0.0001	0.0001
ESNMRF10	classics	0.3442356658735941	3.9	0.1333	0.07062349181827991
ESNMRF10	architecture	0.227442100606906	4.42	0.0667	0.047144709916842456
ESNMRF10	archaeology	0.2418326646894206	3.57	0.1667	0.04580199963945308
ESNMRF10	zoology	0.397228186355103	3.19	0.0001	0.027928649815029467
ESNMRF10	biology	0.5062800590892893	4.22	0.1538	-0.07156556152668775
ESNMRF10	chemistry	0.5806795920598807	4.35	0.0769	0.5063539643810495
ESNMRF10	physics	0.6505481012207147	4.39	0.1538	0.6438554072706975
ESNMRF10	astronomy	0.4409446076284004	3.63	0.0769	0.1847487759605586
ESNMRF10	business	0.2811445587641417	5.56	0.2381	0.016062983129508646
ESNMRF10	finance	0.4890077898738023	4.65	0.1429	0.2604382853100194
ESNMRF10	economics	0.3981005579802696	4.42	0.1053	0.17468888723884457
ESNMRF10	art	0.3116697084585766	5.29	0.1538	0.05216933283537065
ESNMRF10	art history	0.7137494454557008	5.04	0.0001	0.0001
ESNMRF10	education	0.2391377266641381	5.28	0.1429	0.0001
ESNMRF10	english	0.3486309293951046	5.19	0.1429	0.06461587213110447
ESNMRF10	french	0.7451474507805892	5.09	0.0909	0.6589699757856279
ESNMRF10	russian	0.5244029121064546	5.01	0.0909	0.4051619771866965
ESNMRF10	italian	0.5330633021551	4.66	0.0001	0.28589425331776247
ESNMRF10	latinx studies	0.2669089379976894	2.31	0.0833	0.0001
ESNMRF10	visual arts	0.3570384811526892	4.29	0.1667	0.0001
FDULT82W	math	0.0001	4.45	0.0001	0.0001
FDULT82W	english	0.4881236537657638	5.19	0.0001	0.19214967480210382
FDULT82W	art	0.3549809308268448	5.29	0.1538	-0.019459706208249043
FDULT82W	history	0.4212063960804124	5.39	0.1538	0.010189891221957252
FDULT82W	music	0.411554095458952	5.52	0.1667	0.022756273224229472
FDULT82W	physics	0.434484849562184	4.39	0.1538	0.02968173928825469
FDULT82W	biology	0.5473038776114306	4.22	0.5385	0.5133246454374003
FDULT82W	history	0.4353337093934291	5.39	0.3846	0.17634335753347
FDULT82W	psychology	0.4227987824379768	4.31	0.0909	0.23013396772708458
FDULT82W	gender studies	0.5035492748630245	4.44	0.1053	0.0001
FDULT82W	sociology	0.4989561153662243	3.78	0.1053	0.0001
FDULT82W	engineering	0.3055679073138306	4.8	0.16	0.2209237738501197
FDULT82W	communications	0.3724709567648431	4.59	0.08	0.13911358298117138
FDULT82W	nursing	0.3279712973231099	4.32	0.0001	0.07475014526856118
FJYUEQN8	government	0.0001	5.57	0.0001	0.0001
FJYUEQN8	english	0.2703065258799078	5.19	0.1	0.2756433765810358
FJYUEQN8	math	0.4881236537657638	4.45	0.0001	0.43402337288423676
FJYUEQN8	physics	0.5942729701701036	4.39	0.0769	0.539801807633701
FJYUEQN8	neuroscience	0.3293735730948943	3.45	0.0001	0.11155613962836095
FJYUEQN8	biology	0.4403773206421744	4.22	0.0001	0.17080646141690903
FJYUEQN8	biochemistry	0.5395119205157601	3.36	0.0769	0.13866955469270845
FJYUEQN8	german	0.2029893270659628	4.95	0.1	-0.006994036104319674
FJYUEQN8	chinese	0.5412604654666978	5.01	0.0001	0.1880471253250514
FJYUEQN8	japanese	0.6300351928052154	4.81	0.0001	0.433821147635936
FJYUEQN8	italian studies	0.4325623159925832	4.49	0.1667	0.0001
FJYUEQN8	hispanic studies	0.6288015236803144	3.93	0.0714	0.0001
FJYUEQN8	francophone studies	0.5381335061120963	2.75	0.1429	0.0001
FJYUEQN8	philosophy	0.3542028704111275	4.49	0.0001	0.0001
FJYUEQN8	education	0.3573879509178237	5.28	0.1429	0.07231582953138589
FJYUEQN8	theatre	0.2896909303714459	4.52	0.1622	0.05869156059824901
FJYUEQN8	asian studies	0.2830060856269965	4.51	0.0811	0.0001
FJYUEQN8	africana studies	0.6164781049306765	2.23	0.0714	0.0001
FJYUEQN8	meena	0.0276429256988242	2.64	0.0714	0.0001
FJYUEQN8	reees	0.2544210813407397	0.0001	0.0001	0.0
FJYUEQN8	arabic	0.2865046044315555	4.03	0.0769	0.0
FJYUEQN8	economics	0.1959968712567301	4.42	0.2857	0.053455884287366015
FYE2JV3H	biology	0.0001	4.22	0.0001	0.0001
FYE2JV3H	neuroscience	0.4403773206421744	3.45	0.0001	0.41651841333379624
FYE2JV3H	psychology	0.53382919084099	4.31	0.0001	0.602514552630398
FYE2JV3H	anthropology	0.5052531257799697	3.65	0.125	0.4886363515013527
FYE2JV3H	chemistry	0.3089251282446084	4.35	0.2308	0.1573954968476946
FYE2JV3H	biochemistry	0.5163536755691241	3.36	0.1538	0.5512652404604631
FYE2JV3H	dance	0.2096122784036498	4.93	0.2	0.02435033690813129
FYE2JV3H	visual arts	0.3829060751855686	4.29	0.0833	0.0001
FYE2JV3H	religion	0.2905217037401786	4.74	0.1818	0.0001
FYE2JV3H	history	0.3672142352117302	5.39	0.1818	0.14839413429036324
FYE2JV3H	math	0.4923999716606431	4.45	0.0001	0.3399245971233006
FYE2JV3H	economics	0.4659128889235033	4.42	0.3333	0.41566244101029054
FYE2JV3H	digital computational studies	0.258397060996393	3.58	0.1667	0.0001
FYE2JV3H	zoology	0.3080669220467532	3.19	0.0833	0.0001
G8B6AJJV	biology	0.0001	4.22	0.0001	0.0001
G8B6AJJV	chemistry	0.5806795920598807	4.35	0.0769	0.11168231892105089
G8B6AJJV	psychology	0.4676732495170208	4.31	0.0769	0.053725474167499815
G8B6AJJV	sociology	0.5837935931135537	3.78	0.0001	0.2739404032942575
G8B6AJJV	engineering	0.3055679073138306	4.8	0.16	0.23824303748201692
G8B6AJJV	education	0.3939347511813843	5.28	0.16	0.1947182327826801
G8B6AJJV	math	0.2856446310253787	4.45	0.1429	0.0920115214745769
G8B6AJJV	physics	0.5942729701701036	4.39	0.0769	0.27535907766409584
G8B6AJJV	history	0.4709249457765346	5.39	0.3077	0.04363388413538693
G8B6AJJV	asian studies	0.2968659193957322	4.51	0.1818	0.0001
G8B6AJJV	spanish	0.3630209160966045	4.73	0.1111	0.0001
G8B6AJJV	french	0.7232482277952562	5.09	0.0909	0.5493699970191467
G8B6AJJV	arabic	0.5157578029631602	4.03	0.0909	0.3808281339368762
G8B6AJJV	hispanic studies	0.4060039507111255	3.93	0.0714	0.0001
G8B6AJJV	theology	0.2887484908973248	3.92	0.0714	0.0001
G8B6AJJV	dance	0.1227559900224423	4.93	0.0833	0.01365068682565535
G8B6AJJV	art	0.4102571419317887	5.29	0.1538	0.07999081188449926
G8B6AJJV	music	0.3532745306914943	5.52	0.1538	0.1806809225624583
GNLFFB4P	sociology	0.0001	3.78	0.0001	0.0001
GNLFFB4P	math	0.2979164373838432	4.45	0.0001	0.05078381147900337
GNLFFB4P	government	0.2720947382129408	5.57	0.1	0.04755264597674986
GNLFFB4P	biology	0.1416815566472814	4.22	0.0769	0.03401766553672105
GNLFFB4P	neuroscience	0.4403773206421744	3.45	0.0001	0.059704898703130706
GNLFFB4P	anthropology	0.4563949133829357	3.65	0.0001	0.005360052970429832
GNLFFB4P	psychology	0.5052531257799697	4.31	0.125	0.015160411467216485
GNLFFB4P	art	0.2800227036940318	5.29	0.0769	0.045754219272409816
GNLFFB4P	art history	0.7137494454557008	5.04	0.0001	0.0001
GNLFFB4P	political science	0.4246368784908906	4.9	0.0001	0.0001
GNLFFB4P	english	0.3392125394540519	5.19	0.125	0.0001
GNLFFB4P	spanish	0.6514728222113537	4.73	0.0001	0.7179056016146198
GNLFFB4P	german	0.5961284446515255	4.95	0.3333	0.14213063789111452
GNLFFB4P	italian	0.5857170742727376	4.66	0.0001	0.08267151183648166
GNLFFB4P	economics	0.2952161000775282	4.42	0.0001	0.00047681127776325033
GNLFFB4P	physics	0.4888759143818304	4.39	0.1538	0.10453023993186958
GNLFFB4P	history	0.4709249457765346	5.39	0.3077	0.015682778427368656
GNLFFB4P	biochemistry	0.2795190096856308	3.36	0.1818	0.041110938899623556
GNLFFB4P	chemistry	0.5163536755691241	4.35	0.1538	-0.02777334988725592
GNLFFB4P	american studies	0.3637633114290863	4.86	0.0769	0.0001
GNLFFB4P	gender studies	0.4472201911757798	4.44	0.0526	0.0001
H6D2C4VR	sociology	0.0001	3.78	0.0001	0.0001
H6D2C4VR	math	0.2979164373838432	4.45	0.0001	0.20781096679010413
H6D2C4VR	biology	0.4848294269684527	4.22	0.0769	0.4171221968183293
H6D2C4VR	chemistry	0.5806795920598807	4.35	0.0769	0.631791346575253
H6D2C4VR	physics	0.6505481012207147	4.39	0.1538	0.640617848095407
H6D2C4VR	english	0.4592693518825732	5.19	0.0769	-0.024271723530608174
H6D2C4VR	chinese	0.4760775254030986	5.01	0.1111	0.28834516720317993
H6D2C4VR	french	0.493503984119803	5.09	0.0909	0.08744720456040939
H6D2C4VR	german	0.6246213969964196	4.95	0.0455	0.6162967341925196
H6D2C4VR	italian	0.5857170742727376	4.66	0.0001	0.5596056670773806
H6D2C4VR	japanese	0.5342474996412457	4.81	0.0001	0.20631498425435357
H6D2C4VR	east asian studies	0.4864690735839975	4.42	0.1111	0.0001
H6D2C4VR	middle east & north african	0.3379596067278115	4.48	0.1429	0.0001
HCBTBYHS	math	0.0001	4.45	0.0001	0.0001
HCBTBYHS	english	0.4881236537657638	5.19	0.0001	0.025070268744776324
HCBTBYHS	history	0.4882463050763406	5.39	0.0909	0.055439436435949195
HCBTBYHS	philosophy	0.4380896746945235	4.49	0.0909	0.10830327314376444
HCBTBYHS	nursing	0.3981208514558244	4.32	0.1429	-0.04129326872992383
HCBTBYHS	spanish	0.2933033245708438	4.73	0.0001	0.014184115321605784
HCBTBYHS	german	0.5961284446515255	4.95	0.3333	0.526433797186851
HCBTBYHS	cinema studies	0.2251077154013508	4.11	0.0001	0.0001
HCBTBYHS	environmental studies	0.4674134110827723	4.52	0.0001	0.0001
HCBTBYHS	engineering	0.4248497790250986	4.8	0.08	0.0001
HCBTBYHS	art	0.3899949926286739	5.29	0.16	-0.013276499520227818
HCBTBYHS	music	0.3532745306914943	5.52	0.1538	0.06997356445773362
HCBTBYHS	dance	0.5108597497843897	4.93	0.3333	0.27667420660190006
HCBTBYHS	philosophy	0.2725389906454795	4.49	0.0001	-0.0165465404688645
HCBTBYHS	psychology	0.5376791465242788	4.31	0.7143	0.05578652654376415
HCBTBYHS	business	0.2879038725691389	5.56	0.0476	0.0832472829659144
HCBTBYHS	economics	0.4755578179037245	4.42	0.1429	0.23160801915535636
HCBTBYHS	gender studies	0.4098140599936098	4.44	0.1053	0.0001
HCBTBYHS	africana studies	0.5531239688216544	2.23	0.2632	0.0001
HCBTBYHS	biology	0.4013896091926661	4.22	0.2143	0.0001
HCBTBYHS	chemistry	0.5806795920598807	4.35	0.0769	0.5251889137926355
HCBTBYHS	physics	0.6505481012207147	4.39	0.1538	0.49298974081363484
HCBTBYHS	computer science	0.4052350623389542	4.74	0.0769	0.0001
HZP27937	biology	0.0001	4.22	0.0001	0.0001
HZP27937	biochemistry	0.5395119205157601	3.36	0.0769	0.3419583331420236
HZP27937	chemistry	0.5163536755691241	4.35	0.1538	0.28841119144637045
HZP27937	neuroscience	0.3821027186023344	3.45	0.0769	0.14242390717833647
HZP27937	anthropology	0.4563949133829357	3.65	0.0001	0.17815238444899067
HZP27937	sociology	0.5933899289420845	3.78	0.1	0.24265310515579588
HZP27937	psychology	0.5837935931135537	4.31	0.0001	0.32711382609196366
HZP27937	math	0.4097192505816444	4.45	0.0001	0.1870896421988382
HZP27937	computer science	0.4120866277401973	4.74	0.0001	0.0001
HZP27937	physics	0.4052350623389542	4.39	0.0769	0.0001
HZP27937	english	0.4592693518825732	5.19	0.0769	0.04297664000169032
HZP27937	greek	0.4157660828381757	4.5	0.0769	0.15310851487224061
HZP27937	german	0.4716759116134897	4.95	0.1538	0.14154122401788666
HZP27937	spanish	0.5961284446515255	4.73	0.3333	0.4484558885919368
HZP27937	education	0.2996547415886352	5.28	0.0714	0.049275045887961076
HZP27937	philosophy	0.3573879509178237	4.49	0.1429	0.15769901104171913
HZP27937	government	0.3478338832664939	5.57	0.1	0.11648864461741433
HZP27937	hater	0.0813124339949076	3.14	0.2143	-0.008020838727884732
HZP27937	theater	0.1085081855137318	4.35	0.0952	-0.06842820684593395
HZP27937	gender studies	0.2746835046245756	4.44	0.1429	0.0001
IEOJ1IW3	francophone studies	0.0001	2.75	0.0001	0.0001
IEOJ1IW3	english	0.481926983089691	5.19	0.0001	0.0001
IEOJ1IW3	government and law	0.1427606063745775	5.21	0.15	0.0001
IEOJ1IW3	asian studies	0.1350129950728886	4.51	0.15	0.0001
IEOJ1IW3	computer science	0.3578047494359252	4.74	0.3333	0.0001
IEOJ1IW3	economics	0.3922647028771473	4.42	0.0001	0.0001
IEOJ1IW3	africana studies	0.3754577453223962	2.23	0.2143	0.0001
IEOJ1IW3	gender studies	0.5531239688216544	4.44	0.2632	0.0001
IEOJ1IW3	psychology	0.5035492748630245	4.31	0.1053	0.0001
IN92PH3J	communications	0.0001	4.59	0.0001	0.0001
IN92PH3J	math	0.233897759299013	4.45	0.0001	0.02406381211402448
IN92PH3J	physics	0.5942729701701036	4.39	0.0769	0.28140992003757137
IN92PH3J	fine arts	0.2869221243337678	4.59	0.1667	0.0001
IN92PH3J	music	0.374430288116508	5.52	0.1111	0.0001
IN92PH3J	anthropology	0.181738278926028	3.65	0.0833	-0.0071264735629297
IN92PH3J	neuroscience	0.4563949133829357	3.45	0.0001	0.12211471521795732
IN92PH3J	pre-med	0.427340777958429	3.84	0.25	0.0
IN92PH3J	biology	0.4124768563050256	4.22	0.1538	0.0
IN92PH3J	chemistry	0.5806795920598807	4.35	0.0769	0.2755787758660758
IN92PH3J	english	0.4317598212125821	5.19	0.4615	0.03665414658295303
IN92PH3J	classics	0.3214196420286952	3.9	0.0667	0.0012738823960309947
IN92PH3J	history	0.3442356658735941	5.39	0.1333	0.010841491651412507
IN92PH3J	philosophy	0.4380896746945235	4.49	0.0909	0.027356698986519122
IN92PH3J	archaeology	0.2553219277100726	3.57	0.0001	0.010421834635975232
IN92PH3J	architecture	0.2418326646894206	4.42	0.1667	0.06535278730262437
IN92PH3J	engineering	0.4443144802991907	4.8	0.04	0.03904677547798249
IRFHWRXF	english	0.0001	5.19	0.0001	0.0001
IRFHWRXF	art history	0.3123668552206067	5.04	0.125	0.0001
IRFHWRXF	sociology	0.3592041646208461	3.78	0.1	0.0001
IRFHWRXF	biology	0.4383203008512851	4.22	0.3077	0.3720642135236881
IRFHWRXF	biochemistry	0.5395119205157601	3.36	0.0769	0.5967627411706254
IRFHWRXF	ecology	0.3659256834805249	3.74	0.2	0.3334381191184697
IRFHWRXF	physics	0.353597435352171	4.39	0.1538	0.23409692629798956
IRFHWRXF	computer science	0.4052350623389542	4.74	0.0769	0.0001
IRFHWRXF	engineering	0.4559382412927191	4.8	0.08	0.0001
IRFHWRXF	linguistics	0.304229566030328	3.43	0.08	0.21196281349399615
IRFHWRXF	hispanic studies	0.3953160912265219	3.93	0.1429	0.0001
IRFHWRXF	francophone studies	0.5381335061120963	2.75	0.1429	0.0001
IRFHWRXF	psychology	0.3572123498421498	4.31	0.0001	0.0001
IRFHWRXF	environmental studies	0.4095775654596443	4.52	0.1	0.0001
IRFHWRXF	creative writing	0.2872858011668532	4.47	0.0001	0.0001
IRFHWRXF	visual arts	0.3855862300137684	4.29	0.1667	0.0001
IRFHWRXF	music	0.4591184655697162	5.52	0.1667	0.0001
IRFHWRXF	performing arts	0.4451492957765706	4.32	0.0833	0.0001
IRFHWRXF	dance	0.5309359590495961	4.93	0.0001	0.0001
IRFHWRXF	history	0.2888165502157784	5.39	0.0001	-0.0034570908327928563
J8N7DCDH	chemistry	0.0001	4.35	0.0001	0.0001
J8N7DCDH	psychology	0.4676732495170208	4.31	0.0769	0.1446308207583094
J8N7DCDH	government and legal studies	0.2894434899285607	4.67	0.0001	0.0001
J8N7DCDH	biology	0.2063446900850267	4.22	0.0001	0.0001
J8N7DCDH	neurochemistry	0.1791620685611654	1.97	0.1538	0.0025393689797391424
J8N7DCDH	history	0.1720981048559152	5.39	0.1818	-0.024636107010327715
J8N7DCDH	english	0.4882463050763406	5.19	0.0909	0.12756205755977618
J8N7DCDH	russian	0.4390114295053151	5.01	0.0001	0.13347497778279924
J8N7DCDH	russian	1.0	5.01	1.0	0.0
J8N7DCDH	dance	0.2519272395579572	4.93	0.2857	-0.033614672116597404
J8N7DCDH	film studies	0.2520886846794622	4.78	0.0909	0.0001
J8N7DCDH	computer science	0.3447947642963884	4.74	0.0909	0.0001
J8N7DCDH	music	0.3477382480720603	5.52	0.0833	0.0001
J8N7DCDH	latin	0.281212201532955	4.48	0.125	0.008795859354210732
JDVDZARM	mathematics	0.0001	4.15	0.0001	0.0001
JDVDZARM	chemistry	0.5251582876504056	4.35	0.0714	0.40506702841065856
JDVDZARM	biology	0.5806795920598807	4.22	0.0769	0.6361762380776963
JDVDZARM	finance	0.2853672509159368	4.65	0.1579	0.05552068526660935
JDVDZARM	business	0.4890077898738023	5.56	0.1429	0.17896470726710642
JDVDZARM	philosophy	0.3836527880375313	4.49	0.0476	0.10761755645848876
JDVDZARM	engineering	0.3167088128351631	4.8	0.16	0.36309774146869345
JDVDZARM	physics	0.5138775231978104	4.39	0.32	0.4915597077360977
JDVDZARM	music	0.434484849562184	5.52	0.1538	-0.05689317703983327
JDVDZARM	theatre	0.3671702581883032	4.52	0.1351	0.11394240963873184
JDVDZARM	art history	0.2995278898519191	5.04	0.0811	0.0001
JDVDZARM	computer science	0.3659242121275341	4.74	0.0001	0.0001
JDVDZARM	geology	0.2922059378715144	3.76	0.1333	0.0001
JDVDZARM	geophysics	0.5578862987835369	2.72	0.2	0.23000988039817988
JEW0DH9D	math	0.0001	4.45	0.0001	0.0001
JEW0DH9D	chemistry	0.5660799392542855	4.35	0.0769	0.3943895014883265
JEW0DH9D	asian studies	0.3119439174945831	4.51	0.0001	0.0001
JEW0DH9D	urban studies	0.5609548320188796	4.48	0.1818	0.0001
JEW0DH9D	sociology	0.4744795365908387	3.78	0.0001	0.0001
JEW0DH9D	psychology	0.5837935931135537	4.31	0.0001	0.7426120183409142
JEW0DH9D	neuroscience	0.53382919084099	3.45	0.0001	0.5124655936105892
JEW0DH9D	environmental science	0.4647171597177664	4.56	0.0001	0.0001
JEW0DH9D	government	0.3025654911245151	5.57	0.2	0.0001
JEW0DH9D	theatre	0.2104201020097538	4.52	0.2162	0.07733569129600763
JEW0DH9D	art	0.2916301520536755	5.29	0.1081	0.17933505714617592
JEW0DH9D	gender and sexuality studies	0.0579189345204532	3.84	0.1429	0.0001
JEW0DH9D	biology	0.281859560288039	4.22	0.5	0.0001
JEW0DH9D	biochemistry	0.5395119205157601	3.36	0.0769	0.6587753605297662
JEW0DH9D	education	0.2616581523455555	5.28	0.1429	0.14866333183656708
JIMIPV7S	spanish	0.0001	4.73	0.0001	0.0001
JIMIPV7S	french	0.7232482277952562	5.09	0.0909	0.49439115502788594
JIMIPV7S	math	0.4264009415724743	4.45	0.0001	0.029351264003011666
JIMIPV7S	economics	0.4659128889235033	4.42	0.3333	0.13665955049883793
JIMIPV7S	environmental science	0.4176559555555108	4.56	0.1667	0.0001
JIMIPV7S	eos	0.1351775023378428	3.23	0.0909	0.0001
JIMIPV7S	comp sci	0.1494558327339301	3.59	0.1818	0.0001
JIMIPV7S	chem	0.3026570257723234	3.46	0.1111	0.0001
JIMIPV7S	bio	0.3667708264083498	4.07	0.1429	0.40680678266226555
JIMIPV7S	psychology	0.3448356657191139	4.31	0.1429	0.029518882358116696
JIMIPV7S	classics	0.2448489883483694	3.9	0.2	-0.029715532397504445
JIMIPV7S	italian	0.2580685988367117	4.66	0.0667	0.007985117388424928
K6LTYZJH	government	0.0001	5.57	0.0001	0.0001
K6LTYZJH	neuroscience	0.2209127298126152	3.45	0.1	0.0025699958227185563
K6LTYZJH	biochemistry	0.5945033038777696	3.36	0.0001	0.10171760063119248
K6LTYZJH	religious studies	0.3491068349481147	4.61	0.0001	0.0001
K6LTYZJH	communications	0.2488584612489428	4.59	0.125	0.0001
K6LTYZJH	literature	0.4086867461233847	4.62	0.0645	-0.029632534694186148
K6LTYZJH	computer science	0.3089441398206969	4.74	0.0323	0.0001
K6LTYZJH	architecture	0.3450152564005208	4.42	0.2	0.0001
K6LTYZJH	engineering	0.4443144802991907	4.8	0.04	0.018408708440209108
K6LTYZJH	pre-med	0.3434166242411344	3.84	0.08	0.0
K6LTYZJH	biology	0.4124768563050256	4.22	0.1538	0.0
KMXD4OZC	chinese	0.0001	5.01	0.0001	0.0001
KMXD4OZC	hispanic studies	0.3117901070516319	3.93	0.0714	0.0001
KMXD4OZC	asian studies	0.6516405752597566	4.51	0.1429	0.0001
KMXD4OZC	psychology	0.4636775353896472	4.31	0.2222	0.0001
KMXD4OZC	education	0.325822340651554	5.28	0.1429	0.16740710816235124
KMXD4OZC	history	0.3011368343334943	5.39	0.1429	0.1679566468156786
KMXD4OZC	english	0.4882463050763406	5.19	0.0909	0.1296142590117005
KMXD4OZC	econ	0.2126990913307598	3.11	0.125	0.08185108202518354
KMXD4OZC	gov	0.33499304173399	4.01	0.0001	-0.01223538809158851
KMXD4OZC	political science	0.4344735556534274	4.9	0.0833	0.0001
KMXD4OZC	anthropology	0.3968221835822655	3.65	0.25	0.0001
KMXD4OZC	law	0.1570855582764984	5.46	0.125	-0.004240511761203584
KMXD4OZC	urban studies	0.200653151280189	4.48	0.0909	0.0001
KMXD4OZC	music	0.1380905734049167	5.52	0.1667	0.0001
KMXD4OZC	gender studies	0.3272283451887052	4.44	0.2105	0.0001
KZ9S5MPC	biology	0.0001	4.22	0.0001	0.0001
KZ9S5MPC	neuroscience	0.4403773206421744	3.45	0.0001	0.22913853808253454
KZ9S5MPC	communications	0.3059006171984955	4.59	0.125	0.008029565819267332
KZ9S5MPC	government and legal studies	0.195276366116752	4.67	0.0001	0.0001
KZ9S5MPC	sociology	0.3410810442091765	3.78	0.0001	0.0001
KZ9S5MPC	economics	0.4469335874079365	4.42	0.2	0.2872625862083327
KZ9S5MPC	earth and oceanographic studies	0.2623070711690576	2.82	0.0001	0.0001
KZ9S5MPC	math	0.2305829987368057	4.45	0.2222	0.0001
KZ9S5MPC	english	0.4881236537657638	5.19	0.0001	0.13398782449743402
KZ9S5MPC	history	0.4882463050763406	5.39	0.0909	0.16896000353006016
KZ9S5MPC	french	0.4365872725234783	5.09	0.5	0.19446787472971913
KZ9S5MPC	german	0.6246213969964196	4.95	0.0455	0.5081441641727321
KZ9S5MPC	russian	0.5874163396741656	5.01	0.1429	0.225170957848976
KZ9S5MPC	spanish	0.5159091667307512	4.73	0.1111	0.13298550414576077
KZ9S5MPC	theater and dance	0.1579725689654572	4.25	0.1111	0.0001
KZ9S5MPC	religion	0.1155340920585762	4.74	0.0909	0.0001
KZ9S5MPC	biology	0.3079530219831619	4.22	0.1364	0.06420021039904529
LJSMGNV0	psychology	0.0001	4.31	0.0001	0.0001
LJSMGNV0	visual arts	0.3721043887427598	4.29	0.1667	0.0001
LJSMGNV0	biology	0.3330835104857461	4.22	0.2308	0.0001
LJSMGNV0	chemistry	0.5806795920598807	4.35	0.0769	0.45094027514723045
LJSMGNV0	english	0.4317598212125821	5.19	0.4615	0.020430907754039183
LJSMGNV0	history	0.4882463050763406	5.39	0.0909	0.12201592541169716
LJSMGNV0	africana studies	0.3583293635047805	2.23	0.1429	0.0001
LJSMGNV0	sociology	0.5157478406132663	3.78	0.1429	0.0001
LJSMGNV0	anthropology	0.5933899289420845	3.65	0.1	0.25020415450078065
LJSMGNV0	music	0.181738278926028	5.52	0.0833	-0.0055457139581933605
LJSMGNV0	italian	0.251311961754486	4.66	0.0001	0.03681805989752403
LJSMGNV0	spanish	0.606716424079459	4.73	0.0001	0.2938989186927686
LJSMGNV0	french	0.7232482277952562	5.09	0.0909	0.5579457061757459
LJSMGNV0	german	0.6246213969964196	4.95	0.0455	0.43967545287309956
LJSMGNV0	russian	0.5874163396741656	5.01	0.1429	0.26566965335385734
LN8REBYY	economics	0.0001	4.42	0.0001	0.0001
LN8REBYY	government	0.3782188808870199	5.57	0.2	0.1294323117293394
LN8REBYY	nursing	0.2137993949353671	4.32	0.1	0.012433257533086935
LN8REBYY	education	0.358056578980941	5.28	0.1429	0.1616996244121305
LN8REBYY	english	0.3486309293951046	5.19	0.1429	0.07689954788534384
LN8REBYY	history	0.4882463050763406	5.39	0.0909	0.14464815687150806
LN8REBYY	german	0.3296913046475718	4.95	0.0909	0.166809542743006
LN8REBYY	russian	0.5874163396741656	5.01	0.1429	0.27091184661190837
LN8REBYY	french	0.5244029121064546	5.09	0.0909	0.1773741879835323
LN8REBYY	chemistry	0.4226512371108386	4.35	0.1818	0.022163037472999567
LN8REBYY	physics	0.6505481012207147	4.39	0.1538	0.1606053042427163
LN8REBYY	kinesiology	0.3940632081379334	2.37	0.0769	0.12109164416697296
LN8REBYY	visual arts	0.3534030236571048	4.29	0.0833	0.0001
LN8REBYY	film	0.3519306869333887	5.2	0.0001	0.0001
LN8REBYY	philosophy	0.2412129419568032	4.49	0.1111	-0.01676568829247535
LUKGQM9Q	biology	0.0001	4.22	0.0001	0.0001
LUKGQM9Q	chemistry	0.5806795920598807	4.35	0.0769	0.32443809899768167
LUKGQM9Q	biochemistry	0.5163536755691241	3.36	0.1538	0.10557159706128932
LUKGQM9Q	dance	0.2096122784036498	4.93	0.2	-0.006837446600382794
LUKGQM9Q	theater	0.3361614831112545	4.35	0.0952	0.0382204366632117
LUKGQM9Q	psychology	0.2089220234110069	4.31	0.0952	-0.026881647553712685
LUKGQM9Q	philosophy	0.5376791465242788	4.49	0.7143	0.1491870679388752
LUKGQM9Q	history	0.4380896746945235	5.39	0.0909	0.12173800368822293
LUKGQM9Q	education	0.3011368343334943	5.28	0.1429	0.16699903693134094
LUKGQM9Q	english	0.3486309293951046	5.19	0.1429	0.13494759031024428
LUKGQM9Q	anthropology	0.1973538755841209	3.65	0.0001	0.023243005156073217
LUKGQM9Q	sociology	0.5933899289420845	3.78	0.1	0.19591744005836134
LUKGQM9Q	archeology	0.2746611020384988	2.77	0.0001	0.046324037674286736
LUKGQM9Q	spanish	0.1960217320445993	4.73	0.0001	0.04867137367754163
LUKGQM9Q	latin	0.5777975980910982	4.48	0.125	0.5204945299845919
MCYP84X4	math	0.0001	4.45	0.0001	0.0001
MCYP84X4	chemistry	0.5660799392542855	4.35	0.0769	-0.020107261054509957
MCYP84X4	biology	0.5806795920598807	4.22	0.0769	0.08819356959434307
MCYP84X4	biochemistry	0.5395119205157601	3.36	0.0769	0.21806303890027154
MCYP84X4	psychology	0.4015918200446068	4.31	0.0001	0.04975545962778319
MCYP84X4	sociology	0.5837935931135537	3.78	0.0001	0.0835357024201783
MCYP84X4	computer science	0.4066367467143859	4.74	0.1	0.0001
MCYP84X4	political science	0.543842312685342	4.9	0.2	0.0001
MCYP84X4	physics	0.4218322034012981	4.39	0.1538	0.0001
MCYP84X4	engineering	0.5138775231978104	4.8	0.32	0.19737489424368285
MCYP84X4	communications	0.3724709567648431	4.59	0.08	0.051074613969251975
MCYP84X4	business	0.3768061716181732	5.56	0.2381	0.050362926941083457
MCYP84X4	economics	0.4755578179037245	4.42	0.1429	0.08065029093140107
MCYP84X4	finance	0.3981005579802696	4.65	0.1053	0.05586428876963245
MCYP84X4	data science	0.3350952491487393	4.92	0.2105	0.0001
N9V0QKO1	government	0.0001	5.57	0.0001	0.0001
N9V0QKO1	political science	0.4657670096226518	4.9	0.2	0.0001
N9V0QKO1	classics	0.1798190903675589	3.9	0.0667	0.0001
N9V0QKO1	linguistics	0.2379445328323034	3.43	0.0667	-0.05923106426990737
N9V0QKO1	economics	0.4428521677723616	4.42	0.2308	0.004055535516141906
N9V0QKO1	gsws	0.227447917273123	1.12	0.1818	0.0
N9V0QKO1	laclas	0.4830939159424061	0.0001	0.0909	0.0
N9V0QKO1	africana studies	0.2034492903058572	2.23	0.0714	0.0001
N9V0QKO1	meena	0.0276429256988242	2.64	0.0714	0.0001
N9V0QKO1	film studies	0.0725566531420238	4.78	0.0001	0.0001
N9V0QKO1	visual arts	0.4026233683426312	4.29	0.0001	0.0001
N9V0QKO1	fine arts	0.6855388710845215	4.59	0.1111	0.0001
N9V0QKO1	art	0.5953899081527338	5.29	0.1667	0.0001
N9V0QKO1	physics	0.4049776781445824	4.39	0.0769	0.029518045440306905
N9V0QKO1	chemistry	0.6505481012207147	4.35	0.1538	-0.017158417666433425
N9V0QKO1	biology	0.5806795920598807	4.22	0.0769	0.0660496264403179
N9V0QKO1	biochemistry	0.5395119205157601	3.36	0.0769	0.23136529087892
N9V0QKO1	business	0.2343035673725052	5.56	0.1905	0.0022103555403327453
NHCBLFL1	mathematics	0.0001	4.15	0.0001	0.0001
NHCBLFL1	psychology	0.4277910354931074	4.31	0.1429	0.18486145003126067
NHCBLFL1	computer science	0.3899600134102504	4.74	0.1429	0.0001
NHCBLFL1	physics	0.4052350623389542	4.39	0.0769	0.0001
NHCBLFL1	chemistry	0.6505481012207147	4.35	0.1538	0.6589246608087335
NHCBLFL1	biology	0.5806795920598807	4.22	0.0769	0.526995350894087
NHCBLFL1	biochemistry	0.5395119205157601	3.36	0.0769	0.11495339907622829
NHCBLFL1	philosophy	0.3373960275145284	4.49	0.0001	0.08709055553570372
NHCBLFL1	psychology	0.5376791465242788	4.31	0.7143	0.232285848435683
NHCBLFL1	sociology	0.5837935931135537	3.78	0.0001	0.34510968479926063
NHCBLFL1	economics	0.4469335874079365	4.42	0.2	0.2002040785064878
NHCBLFL1	english	0.3197095258015807	5.19	0.125	0.012751419774884453
NHCBLFL1	eos	0.1615476003292136	3.23	0.0909	0.03585288468815443
NHCBLFL1	gsws	0.1783707467457992	1.12	0.1818	-0.08015199628601692
NHCBLFL1	urban studies	0.1611489042462079	4.48	0.0001	0.0001
NHCBLFL1	education	0.3929900968256535	5.28	0.1429	0.0001
NHCBLFL1	environmental studies	0.413223949202762	4.52	0.0714	0.0001
NHCBLFL1	government	0.2740942228908525	5.57	0.0001	0.0001
NRXHKYAS	biology	0.0001	4.22	0.0001	0.0001
NRXHKYAS	philosophy	0.4003983742534021	4.49	0.1538	0.33033920861716953
NRXHKYAS	neuroscience	0.397053261770103	3.45	0.0001	0.3255143445729609
NRXHKYAS	biochemistry	0.5945033038777696	3.36	0.0001	0.39060660185898
NRXHKYAS	francophone studies	0.3060159225474816	2.75	0.1	0.0001
NRXHKYAS	africana studies	0.549228959995003	2.23	0.0001	0.0001
NXGNLGFN	biology	0.0001	4.22	0.0001	0.0001
NXGNLGFN	psychology	0.5514026736006091	4.31	0.1538	0.054587507108147804
NXGNLGFN	chemistry	0.4676732495170208	4.35	0.0769	0.015367952061556483
NXGNLGFN	physics	0.6505481012207147	4.39	0.1538	0.005729111333921899
NXGNLGFN	neuroscience	0.3293735730948943	3.45	0.0001	-0.05392964967891369
NXGNLGFN	government	0.2209127298126152	5.57	0.1	0.010415983807414587
NXGNLGFN	economics	0.3782188808870199	4.42	0.2	0.06736643342119178
NXGNLGFN	history	0.4403030685433398	5.39	0.0909	0.07865073649645142
NXGNLGFN	english	0.4882463050763406	5.19	0.0909	-0.003302926080056208
NXGNLGFN	gender studies	0.3357970942462631	4.44	0.2632	0.0001
NXGNLGFN	environmental studies	0.4248579948140658	4.52	0.0526	0.0001
NXGNLGFN	hispanic studies	0.4803613659298733	3.93	0.1429	0.0001
NXGNLGFN	francophone studies	0.5381335061120963	2.75	0.1429	0.0001
NXGNLGFN	asian studies	0.4628797185308813	4.51	0.1	0.0001
NXGNLGFN	cinema studies	0.4886682910757154	4.11	0.2	0.0001
NZ8ZTZHG	accounting	0.0001	4.29	0.0001	0.0001
NZ8ZTZHG	chemistry	0.4030203130473713	4.35	0.1538	0.04364290546143629
NZ8ZTZHG	psychology	0.4676732495170208	4.31	0.0769	0.48951640521275497
NZ8ZTZHG	math	0.4097192505816444	4.45	0.0001	0.2918621394591566
NZ8ZTZHG	art history	0.3214833122312658	5.04	0.1111	0.0001
NZ8ZTZHG	computer science	0.3659242121275341	4.74	0.0001	0.0001
NZ8ZTZHG	biology	0.4162770947448582	4.22	0.0769	0.0001
O4NB1X6B	economics	0.0001	4.42	0.0001	0.0001
O4NB1X6B	biology	0.4447677968511814	4.22	0.1538	0.19026153001742793
O4NB1X6B	chemistry	0.5806795920598807	4.35	0.0769	0.5669726149807263
O4NB1X6B	mathematics	0.5251582876504056	4.15	0.0714	0.5334351642164324
O4NB1X6B	government and legal studies	0.2526888300549883	4.67	0.1429	0.0001
O4NB1X6B	hispanic studies	0.3737671459392189	3.93	0.0714	0.0001
O4NB1X6B	physics	0.2586841137161907	4.39	0.5	0.0001
O4NB1X6B	psychology	0.5067575290790096	4.31	0.2308	0.22045459802776698
O4NB1X6B	arabic	0.2730778230889612	4.03	0.7143	-0.008897720815477619
O4NB1X6B	francophone studies	0.3286336354050486	2.75	0.0001	0.0001
O4NB1X6B	italian studies	0.5096273472485879	4.49	0.0001	0.0001
O4NB1X6B	english	0.347624931770115	5.19	0.25	0.0001
O4NB1X6B	environmental science	0.2300363559166808	4.56	0.375	0.0001
OEQ7A3BW	psychology	0.0001	4.31	0.0001	0.0001
OEQ7A3BW	film	0.2262180295593783	5.2	0.1111	0.010803546648641537
OEQ7A3BW	sociology	0.2157704445853492	3.78	0.1	0.026259742145394845
OEQ7A3BW	gsws	0.1636784483278569	1.12	0.0001	0.0
OEQ7A3BW	government	0.3065426676318216	5.57	0.0909	0.0
OEQ7A3BW	philosophy	0.3478338832664939	4.49	0.1	0.0013194401803038166
OEQ7A3BW	math	0.3992504401151047	4.45	0.1111	0.11508169182365366
OEQ7A3BW	economics	0.4659128889235033	4.42	0.3333	0.26395605101217207
OEQ7A3BW	french	0.3495793802430851	5.09	0.0909	0.19726759144345699
OEQ7A3BW	english	0.7451474507805892	5.19	0.0909	0.5592358968748331
OEQ7A3BW	italian	0.4518715980821286	4.66	0.0001	0.08508540323790043
OEQ7A3BW	latinx studies	0.2669089379976894	2.31	0.0833	0.0001
OEQ7A3BW	anthropology	0.4499014642900389	3.65	0.1667	0.0001
OEQ7A3BW	biochemistry	0.4063004622613559	3.36	0.1	0.010845188172297288
OEQ7A3BW	physics	0.3261483018650962	4.39	0.2308	0.10706947013313764
OUSZQD8K	engineering	0.0001	4.8	0.0001	0.0001
OUSZQD8K	math	0.3732089038035594	4.45	0.08	0.28040300589518125
OUSZQD8K	physics	0.5942729701701036	4.39	0.0769	0.18076630466836854
OUSZQD8K	chemistry	0.6505481012207147	4.35	0.1538	0.0472174884017345
OUSZQD8K	history	0.4490372783542884	5.39	0.0769	0.04017597917009493
OUSZQD8K	government	0.3819277921814907	5.57	0.0001	0.1208683899012554
OUSZQD8K	political science	0.4657670096226518	4.9	0.2	0.0001
OUSZQD8K	english	0.3392125394540519	5.19	0.125	0.0001
OUSZQD8K	spanish	0.6514728222113537	4.73	0.0001	0.41189133571968445
OUSZQD8K	latin american studies	0.5272449052023299	4.33	0.1176	0.0001
OUSZQD8K	french	0.387597975888994	5.09	0.2727	0.0001
OUSZQD8K	german	0.6246213969964196	4.95	0.0455	0.3034220207435259
OUSZQD8K	communications	0.2130779708151126	4.59	0.0001	0.018357499267960715
OUSZQD8K	business	0.3768061716181732	5.56	0.2381	0.08838306113503264
OUSZQD8K	econ	0.3483688512247864	3.11	0.2381	0.02486666796389344
OX30M9NX	psychology	0.0001	4.31	0.0001	0.0001
OX30M9NX	philosophy	0.5376791465242788	4.49	0.7143	0.2401746004227457
OX30M9NX	africana studies	0.4206620755744388	2.23	0.1429	0.0001
OX30M9NX	history	0.3583293635047805	5.39	0.1429	0.0001
OX30M9NX	government and legal studies	0.2965294560269582	4.67	0.0001	0.0001
OX30M9NX	political science	0.4228521137134888	4.9	0.0001	0.0001
OX30M9NX	engineering	0.4260587542033704	4.8	0.04	0.0001
OX30M9NX	chemistry	0.390904756693109	4.35	0.12	0.3123021676162988
OX30M9NX	biology	0.5806795920598807	4.22	0.0769	0.36804129527910273
OX30M9NX	physics	0.5473038776114306	4.39	0.5385	0.304145700999448
OX30M9NX	anthropology	0.2727275701838583	3.65	0.3077	0.04520403822938808
OX30M9NX	romance languages	0.2963210864387794	4.06	0.2308	0.0001
OX30M9NX	mathematics	0.3010480485586586	4.15	0.2857	0.0001
OX30M9NX	language	0.4660523537186477	5.1	0.0001	0.19742104774046307
OX30M9NX	biochemistry	0.1643526566692696	3.36	0.0001	-0.025923782381971204
OX30M9NX	neuroscience	0.5945033038777696	3.45	0.0001	0.0989798647721823
PBNU471N	neuroscience	0.0001	3.45	0.0001	0.0001
PBNU471N	biology	0.4403773206421744	4.22	0.0001	0.5446852093929846
PBNU471N	computer science	0.4162770947448582	4.74	0.0769	0.0001
PBNU471N	math	0.4120866277401973	4.45	0.0001	0.0001
PBNU471N	economics	0.4659128889235033	4.42	0.3333	0.36801727733138284
PBNU471N	business	0.4755578179037245	5.56	0.1429	0.29133210341402727
PBNU471N	government	0.5044460097553727	5.57	0.1905	0.10784540653042815
PLC36LSR	psychology	0.0001	4.31	0.0001	0.0001
PLC36LSR	biology	0.5514026736006091	4.22	0.1538	0.16674497290103518
PLC36LSR	philosophy	0.4003983742534021	4.49	0.1538	0.10172875491531504
PLC36LSR	engineering	0.3167088128351631	4.8	0.16	0.03529988103733835
PLC36LSR	business	0.4508381875140326	5.56	0.08	0.0658520844869315
PLC36LSR	math	0.3250702061358803	4.45	0.0952	0.07460239459148477
PLC36LSR	spanish	0.4099239598309134	4.73	0.6667	0.06611970384088374
PLC36LSR	biochemistry	0.2611231965323437	3.36	0.1	0.008092757613205279
PLW1S0CA	oceanography	0.0001	2.87	0.0001	0.0001
PLW1S0CA	english	0.2342322501884133	5.19	0.0001	0.0
PLW1S0CA	government and legal studies	0.1684843936868819	4.67	0.125	0.0001
PLW1S0CA	economics	0.3312320112469717	4.42	0.0001	0.0001
PLW1S0CA	business	0.4755578179037245	5.56	0.1429	0.08538736979882401
PLW1S0CA	political science	0.3974999254103156	4.9	0.0952	0.0001
PLW1S0CA	chemistry	0.4163740577928219	4.35	0.0769	0.0001
PLW1S0CA	biology	0.5806795920598807	4.22	0.0769	0.05274662837090105
PLW1S0CA	physics	0.5473038776114306	4.39	0.5385	0.1739899638759284
PLW1S0CA	environmental studies	0.351763039331873	4.52	0.1538	0.0001
PLW1S0CA	cinema studies	0.4674134110827723	4.11	0.0001	0.0001
PLW1S0CA	french	0.2950274614507828	5.09	0.3636	0.0001
PLW1S0CA	german	0.6246213969964196	4.95	0.0455	0.3129403771921275
PLW1S0CA	gender and women's studies	0.1327372672198787	4.25	0.1333	0.0001
PLW1S0CA	chinese	0.1087432426483652	5.01	0.0667	0.0001
PLW1S0CA	asian studies	0.5086514814409341	4.51	0.1111	0.0001
PLW1S0CA	spanish	0.3630209160966045	4.73	0.1111	0.0001
PLW1S0CA	urban studies	0.2477524617625554	4.48	0.0001	0.0001
Q3MFUDV9	econ	0.0001	3.11	0.0001	0.0001
Q3MFUDV9	gov	0.33499304173399	4.01	0.0001	0.01539369788093169
Q3MFUDV9	english	0.2611210372175927	5.19	0.0001	0.023594368339249144
Q3MFUDV9	physics	0.4592693518825732	4.39	0.0769	0.024018641104647305
Q3MFUDV9	chem	0.5306611403735694	3.46	0.2308	-0.008827412018979217
Q3MFUDV9	biology	0.4090646932022193	4.22	0.1538	0.09164694318220623
Q3MFUDV9	math	0.4848294269684527	4.45	0.0769	0.20320936596756725
Q3MFUDV9	engineering	0.3732089038035594	4.8	0.08	0.21609876730036065
Q3MFUDV9	computer science	0.4559382412927191	4.74	0.08	0.0001
Q3MFUDV9	chinese	0.2581086399848318	5.01	0.1111	0.0001
Q3MFUDV9	psychology	0.2669681335843425	4.31	0.6667	0.03989640761460936
Q3MFUDV9	philosophy	0.5376791465242788	4.49	0.7143	0.2843717840704949
Q3MFUDV9	art	0.3449982819188761	5.29	0.0769	0.10632843964291368
QGT05169	nursing	0.0001	4.32	0.0001	0.0001
QGT05169	government and legal studies	0.227206851905442	4.67	0.0001	0.0001
QGT05169	economics	0.3312320112469717	4.42	0.0001	0.0001
QGT05169	mathematics	0.4144786624228256	4.15	0.2143	0.29281816663529225
QGT05169	psychology	0.4277910354931074	4.31	0.1429	0.41870058922120185
QGT05169	film studies	0.3832089147100649	4.78	0.0001	0.0001
QGT05169	theater	0.3262880157540067	4.35	0.0952	0.0001
QGT05169	computer science	0.1582710031160001	4.74	0.0476	0.0001
QGT05169	architecture	0.3450152564005208	4.42	0.2	0.0001
QGT05169	music	0.273206618610865	5.52	0.0833	0.08479239809942661
QGT05169	romance languages	0.2698056308477181	4.06	0.1538	0.0001
QGT05169	physics	0.2770445178199751	4.39	0.2308	0.0001
QGT05169	mechanical engineering	0.3957018814813571	4.2	0.1667	0.0001
RLHDN7YZ	anthropology	0.0001	3.65	0.0001	0.0001
RLHDN7YZ	sociology	0.5933899289420845	3.78	0.1	0.6274124207074058
RLHDN7YZ	art history	0.3592041646208461	5.04	0.1	0.0001
RLHDN7YZ	french	0.3325160009281533	5.09	0.0909	0.0001
RLHDN7YZ	spanish	0.7232482277952562	4.73	0.0909	0.5655890885347522
RLHDN7YZ	italian	0.606716424079459	4.66	0.0001	0.22774148396281796
RLHDN7YZ	government	0.1790745509664855	5.57	0.0001	-0.003202690720213012
RLHDN7YZ	biology	0.1416815566472814	4.22	0.0769	0.0864000084925603
RLHDN7YZ	chemistry	0.5806795920598807	4.35	0.0769	0.6647821943354044
RLHDN7YZ	biochemistry	0.5163536755691241	3.36	0.1538	0.7126575865565581
RLHDN7YZ	math	0.2324040146891132	4.45	0.1	0.3042452419718655
RLHDN7YZ	economics	0.4659128889235033	4.42	0.3333	0.41711755945593104
RLHDN7YZ	urban studies	0.3885335162084394	4.48	0.0909	0.0001
RLHDN7YZ	cinema studies	0.5317867132456875	4.11	0.1818	0.0001
RLHDN7YZ	russian	0.2241638450206966	5.01	0.1	0.0001
RLHDN7YZ	asian studies	0.4088880964134003	4.51	0.1111	0.0001
RLHDN7YZ	art	0.1933403405623485	5.29	0.0769	0.0001
RLHDN7YZ	neuroscience	0.2759544716782225	3.45	0.0001	0.07960848136699944
RLHDN7YZ	law	0.2807689826239745	5.46	0.125	0.07049263331146476
RS0Z27EB	math	0.0001	4.45	0.0001	0.0001
RS0Z27EB	comp sci	0.3077699486999565	3.59	0.1111	0.0001
RS0Z27EB	english	0.3069890927816008	5.19	0.2222	0.0001
RS0Z27EB	engineering	0.3025508122295635	4.8	0.04	0.08124457189792723
RS0Z27EB	environmental science	0.4039328508075694	4.56	0.04	0.0001
RS0Z27EB	physics	0.4133723782836099	4.39	0.1538	0.0001
RS0Z27EB	hispanic studies	0.2586841137161907	3.93	0.5	0.0001
RS0Z27EB	marketing	0.3021636699772216	4.78	0.1429	0.0001
RS0Z27EB	business	0.5466912441340785	5.56	0.0952	0.2766321152826004
RS0Z27EB	econ	0.3483688512247864	3.11	0.2381	0.13489082634581415
RS0Z27EB	government	0.2981460187335973	5.57	0.3	0.06013735822081695
RS0Z27EB	biology	0.1416815566472814	4.22	0.0769	0.08938077106527686
RS0Z27EB	chemistry	0.5806795920598807	4.35	0.0769	0.4874714612904267
RS0Z27EB	statistics	0.3470394880093316	4.6	0.25	0.30092672663255
S30LA614	biology	0.0001	4.22	0.0001	0.0001
S30LA614	english	0.3937585621779187	5.19	0.1538	0.013571495566168284
S30LA614	biochemistry	0.2432700087039008	3.36	0.2	0.02884526840997627
S30LA614	neuroscience	0.5945033038777696	3.45	0.0001	0.08930049662094619
S30LA614	psychology	0.53382919084099	4.31	0.0001	0.22937516920912826
S30LA614	classics	0.2448489883483694	3.9	0.2	0.03879385038718059
S30LA614	philosophy	0.2953389877106681	4.49	0.2667	0.08394395350232702
S30LA614	education	0.3573879509178237	5.28	0.1429	0.11492528006739505
S30LA614	sociology	0.334189645208486	3.78	0.0714	0.18412633038859014
S30LA614	africana studies	0.5157478406132663	2.23	0.1429	0.0001
S30LA614	gsws	0.2764579085541452	1.12	0.2143	0.0001
S30LA614	economics	0.227447917273123	4.42	0.1818	-0.003734498933329332
S30LA614	theatre	0.260396785744884	4.52	0.0811	-0.00451730812687507
S30LA614	mathematics	0.1445735270352945	4.15	0.1351	-0.0015385120540387911
S30LA614	reees	0.1996534897141231	0.0001	0.0714	0.0
S30LA614	francophone	0.1205827913795666	2.75	0.1538	0.0
S30LA614	latin	0.3755991937939519	4.48	0.0625	0.12142551112765713
S87Q76NA	philosophy	0.0001	4.49	0.0001	0.0001
S87Q76NA	bio	0.2829048421748494	4.07	0.1429	-0.00418254633907199
S87Q76NA	chem	0.3667708264083498	3.46	0.1429	0.060302049007997086
S87Q76NA	biochem	0.4978877771358154	2.41	0.0526	0.1023007148861449
S87Q76NA	english	0.2793095965581652	5.19	0.1053	0.035708962252426944
S87Q76NA	history	0.4882463050763406	5.39	0.0909	0.09756328757812996
S87Q76NA	sociology	0.3899654801577464	3.78	0.5455	0.08583542564678093
S87Q76NA	math	0.2979164373838432	4.45	0.0001	0.20657565108324874
S87Q76NA	dcs	0.161029532128216	2.93	0.0001	0.0465153780537755
S87Q76NA	comp sci	0.2306924633352112	3.59	0.1111	0.0001
S87Q76NA	latinx studies	0.3635609970336857	2.31	0.2083	0.0001
S87Q76NA	francophone studies	0.5584765847361374	2.75	0.1667	0.0001
S87Q76NA	spanish	0.4232555135392575	4.73	0.1	0.0001
S87Q76NA	urban studies	0.2477524617625554	4.48	0.0001	0.0001
S87Q76NA	visual arts	0.3117362587183208	4.29	0.5833	0.0001
S87Q76NA	art history	0.5829257078486945	5.04	0.0001	0.0001
SENRROOG	art	0.0001	5.29	0.0001	0.0001
SENRROOG	art history	0.7137494454557008	5.04	0.0001	0.0001
SENRROOG	asian studies	0.3021273049229718	4.51	0.1111	0.0001
SENRROOG	africana studies	0.6164781049306765	2.23	0.0714	0.0001
SENRROOG	mathematics	0.3779736253214243	4.15	0.0714	0.0001
SENRROOG	history	0.4208408024268002	5.39	0.1429	0.1463687603989196
SENRROOG	government	0.3819277921814907	5.57	0.0001	0.14006810262731048
SENRROOG	nursing	0.2137993949353671	4.32	0.1	0.02828939493471477
SENRROOG	english	0.2994768577464055	5.19	0.0001	-0.007072150269541787
SENRROOG	spanish	0.6514728222113537	4.73	0.0001	0.4538655457701203
SENRROOG	french	0.7232482277952562	5.09	0.0909	0.5757380298007457
SENRROOG	german	0.6246213969964196	4.95	0.0455	0.553292968240699
SENRROOG	russian	0.5874163396741656	5.01	0.1429	0.30643382222606136
SENRROOG	philosophy	0.2594299326220799	4.49	0.0001	0.026665072773503343
SENRROOG	psychology	0.5376791465242788	4.31	0.7143	0.33117065220050057
SENRROOG	sociology	0.5837935931135537	3.78	0.0001	0.40173421995510616
SENRROOG	biology	0.4383203008512851	4.22	0.3077	0.3215813510864756
SENRROOG	physics	0.5473038776114306	4.39	0.5385	0.28458108003782684
SENRROOG	chemistry	0.6505481012207147	4.35	0.1538	0.25125513407156796
SENRROOG	biochemistry	0.5163536755691241	3.36	0.1538	0.05763455008903055
SENRROOG	music	0.2294498247510832	5.52	0.25	0.003130298992515204
SENRROOG	environmental studies	0.1566495740343566	4.52	0.0833	0.0001
SENRROOG	urban studies	0.6395372497931546	4.48	0.0909	0.0001
T6E9EPOZ	biochemistry	0.0001	3.36	0.0001	0.0001
T6E9EPOZ	chemistry	0.5163536755691241	4.35	0.1538	0.4962818734251912
T6E9EPOZ	biology	0.5806795920598807	4.22	0.0769	0.49413454506130633
T6E9EPOZ	physics	0.5473038776114306	4.39	0.5385	0.2519778141627376
T6E9EPOZ	art	0.4049776781445824	5.29	0.0769	-0.02991571329292222
T6E9EPOZ	art history	0.7137494454557008	5.04	0.0001	0.0001
T6E9EPOZ	history	0.6323343781935039	5.39	0.1818	0.0001
T6E9EPOZ	english	0.4882463050763406	5.19	0.0909	0.08168350376980046
T6E9EPOZ	asian studies	0.3369790947790034	4.51	0.0001	0.0001
T6E9EPOZ	neuroscience	0.3405692649216023	3.45	0.1111	0.0001
T6E9EPOZ	russian	0.2078686871141285	5.01	0.1429	-0.030743230066324918
T6E9EPOZ	earth and ocean studies	0.1682402091763775	4.41	0.0001	0.0001
T6E9EPOZ	government and law	0.2658410483061093	5.21	0.15	0.0001
T6E9EPOZ	business	0.3573550601968907	5.56	0.0952	0.0001
TPWBA9PZ	neuroscience	0.0001	3.45	0.0001	0.0001
TPWBA9PZ	biology	0.4403773206421744	4.22	0.0001	0.46149840825193317
TPWBA9PZ	mathematics	0.408384922743373	4.15	0.0714	0.4775962989191032
TPWBA9PZ	computer science	0.4405934381495712	4.74	0.0714	0.0001
TPWBA9PZ	psychology	0.3899600134102504	4.31	0.1429	0.0001
TPWBA9PZ	philosophy	0.5376791465242788	4.49	0.7143	0.46530462219996005
TPWBA9PZ	italian studies	0.310233140803154	4.49	0.1429	0.0001
TPWBA9PZ	francophone studies	0.5096273472485879	2.75	0.0001	0.0001
TPWBA9PZ	anthropology	0.3010501780441392	3.65	0.2	0.0001
TPWBA9PZ	sociology	0.5933899289420845	3.78	0.1	0.8585659544266631
TPWBA9PZ	archaeology	0.3026769731308214	3.57	0.3	0.11803090475639529
TPWBA9PZ	chinese	0.1944921326545899	5.01	0.0001	0.035060324100770056
TPWBA9PZ	asian studies	0.5086514814409341	4.51	0.1111	0.0001
TPWBA9PZ	ecology	0.269159107871977	3.74	0.1111	0.0001
U2N1A8VX	economics	0.0001	4.42	0.0001	0.0001
U2N1A8VX	psychology	0.4145033264157824	4.31	0.1429	0.19360394518002236
U2N1A8VX	sociology	0.5837935931135537	3.78	0.0001	0.4941639239198667
U2N1A8VX	art history	0.3592041646208461	5.04	0.1	0.0001
U2N1A8VX	history	0.6323343781935039	5.39	0.1818	0.0001
U2N1A8VX	art	0.4212063960804124	5.29	0.1538	0.07164349153962911
U2N1A8VX	music	0.3532745306914943	5.52	0.1538	0.1642613866422309
U2N1A8VX	literature	0.4389784428835275	4.62	0.129	0.053136891214831075
U2N1A8VX	romance languages	0.3768322043909839	4.06	0.1935	0.0001
U2N1A8VX	hispanic studies	0.3426984808044512	3.93	0.0714	0.0001
U2N1A8VX	italian studies	0.6288015236803144	4.49	0.0714	0.0001
U2N1A8VX	francophone studies	0.5096273472485879	2.75	0.0001	0.0001
U2N1A8VX	government	0.1475292771290723	5.57	0.2	0.0001
U2N1A8VX	anthropology	0.1290780937248048	3.65	0.2	0.01685072388188818
U2N1A8VX	math	0.2901948806917164	4.45	0.1111	0.11534421468534195
U2N1A8VX	computer science	0.4120866277401973	4.74	0.0001	0.0001
U2N1A8VX	neuroscience	0.3607050880933083	3.45	0.25	0.0001
U7RW6MVC	english	0.0001	5.19	0.0001	0.0001
U7RW6MVC	computer science	0.3458140314563493	4.74	0.0001	0.0001
U7RW6MVC	math	0.4120866277401973	4.45	0.0001	0.0001
U7RW6MVC	biochemistry	0.2324040146891132	3.36	0.1	-0.00021061158720643618
U7RW6MVC	french	0.3003021638302974	5.09	0.2273	-0.008732932430702415
U7RW6MVC	spanish	0.7232482277952562	4.73	0.0909	0.30597935531963805
U7RW6MVC	classics	0.2028919528473469	3.9	0.0001	0.028386621091202355
U7RW6MVC	german	0.1660409777673749	4.95	0.1333	0.002727459755516406
U7RW6MVC	psychology	0.330848453533797	4.31	0.0001	0.023267845490954106
U7RW6MVC	political science	0.4448837089573733	4.9	0.2857	0.0001
U7RW6MVC	philosophy	0.5240061441027543	4.49	0.1429	0.0001
U7RW6MVC	visual arts	0.4128905327577324	4.29	0.1667	0.0001
U7RW6MVC	theater	0.3971381782856455	4.35	0.1429	0.0001
U7RW6MVC	dance	0.3361614831112545	4.93	0.0952	0.03257162746150227
U7RW6MVC	eos	0.2523356375883213	3.23	0.0909	-0.03396603723033494
U7RW6MVC	italian	0.1755345819648462	4.66	0.0001	-0.007320910931814443
UIBPJL1Q	government	0.0001	5.57	0.0001	0.0001
UIBPJL1Q	economics	0.3782188808870199	4.42	0.2	0.05082377106372022
UIBPJL1Q	philosophy	0.4374364600351433	4.49	0.1429	0.3382954602455542
UIBPJL1Q	religion	0.377645589405914	4.74	0.0909	0.21941097444849558
UIBPJL1Q	math	0.3111652841902768	4.45	0.0909	0.011216418145819466
UIBPJL1Q	biology	0.4848294269684527	4.22	0.0769	0.3642766736290799
UIBPJL1Q	music	0.3641422099965332	5.52	0.0769	-0.02440034563703228
UIBPJL1Q	physics	0.434484849562184	4.39	0.1538	-0.010243542205999281
UIBPJL1Q	dcs	0.2179440223699953	2.93	0.1538	-0.006307582721766598
UIBPJL1Q	eos	0.1439651584647793	3.23	0.0909	-0.006667194622657801
UIBPJL1Q	history	0.1571582916377549	5.39	0.0909	-0.025267135434304318
UIBPJL1Q	english	0.4882463050763406	5.19	0.0909	0.10194655213282812
UIBPJL1Q	anthropology	0.1973538755841209	3.65	0.0001	0.04312578822827485
UIBPJL1Q	sociology	0.5933899289420845	3.78	0.1	0.41954487078335617
UIBPJL1Q	gsws	0.1636784483278569	1.12	0.0001	-0.03537605946522109
UIBPJL1Q	africana studies	0.2764579085541452	2.23	0.2143	0.0001
UIBPJL1Q	chemistry	0.3354342190904351	4.35	0.2857	0.0001
UIBPJL1Q	neuroscience	0.3821027186023344	3.45	0.0769	0.10336325069958356
UIBPJL1Q	art	0.2759544716782225	5.29	0.0001	0.05712800419842635
UIBPJL1Q	dance	0.4102571419317887	4.93	0.1538	0.0994475558138113
UIBPJL1Q	accounting	0.2780395722018458	4.29	0.0001	-0.005901869646249019
UIBPJL1Q	business	0.4872674747408636	5.56	0.0476	0.28185240524962774
UIBPJL1Q	engineering	0.4508381875140326	4.8	0.08	0.11682817500799698
UVAI5SO9	music	0.0001	5.52	0.0001	0.0001
UVAI5SO9	history	0.411554095458952	5.39	0.1667	-0.04720370690013717
UVAI5SO9	sociology	0.3899654801577464	3.78	0.5455	0.03586485156366624
UVAI5SO9	physics	0.366140006023628	4.39	0.3077	0.017697321844688134
UVAI5SO9	chemistry	0.6505481012207147	4.35	0.1538	0.04503248917739957
UVAI5SO9	biology	0.5806795920598807	4.22	0.0769	0.1203575830051807
UVAI5SO9	biochemistry	0.5395119205157601	3.36	0.0769	0.09519682981730537
UVAI5SO9	economics	0.3056459900557196	4.42	0.1	0.01603327895762692
UVAI5SO9	math	0.4659128889235033	4.45	0.3333	-0.011398045393287336
UVAI5SO9	anthropology	0.2901948806917164	3.65	0.1111	0.0
UVAI5SO9	geology	0.4708670187718609	3.76	0.2	0.0
UVAI5SO9	oceanography	0.5294101214650798	2.87	0.2667	0.0
UVAI5SO9	visual arts	0.2307909730102393	4.29	0.3333	0.0001
UVAI5SO9	chinese	0.2079776539631713	5.01	0.0833	0.0001
UVAI5SO9	russian	0.5166646268585724	5.01	0.1111	0.05399517029016074
UVAI5SO9	spanish	0.5159091667307512	4.73	0.1111	0.30436379128441177
UVAI5SO9	english	0.6514728222113537	5.19	0.0001	0.14904333050948795
UVAI5SO9	creative writing	0.4483002687629318	4.47	0.125	0.0001
UVAI5SO9	journalism	0.5549077389379566	4.12	0.0001	0.0001
UVAI5SO9	engineering	0.282718659836185	4.8	0.0001	-0.007281751408312002
UVAI5SO9	civil engineering	0.6864360442807423	4.56	0.16	0.0001
UVAI5SO9	education	0.2474050419515356	5.28	0.2143	0.0001
VJJ2VCIY	communication	0.0001	4.68	0.0001	0.0001
VJJ2VCIY	biology	0.2368565339161497	4.22	0.0769	-0.028705328586020713
VJJ2VCIY	biochemistry	0.5395119205157601	3.36	0.0769	0.23347288904455482
VJJ2VCIY	physics	0.3261483018650962	4.39	0.2308	0.2979474088337236
VJJ2VCIY	chemistry	0.6505481012207147	4.35	0.1538	0.6312054222419505
VJJ2VCIY	dance	0.3299876302411896	4.93	0.0769	0.00603689605252593
VJJ2VCIY	africana studies	0.2061705975205159	2.23	0.1429	0.0001
VJJ2VCIY	east asian studies	0.5099275727597145	4.42	0.1429	0.0001
VJJ2VCIY	government	0.1726596907144943	5.57	0.0001	0.0001
VJJ2VCIY	sociology	0.3133837176471599	3.78	0.1	0.02881224725315358
VJJ2VCIY	archaeology	0.3026769731308214	3.57	0.3	0.05812643123478599
VJJ2VCIY	neuroscience	0.330459231497628	3.45	0.1667	0.04394782902767031
VNHTSXTP	philosophy	0.0001	4.49	0.0001	0.0001
VNHTSXTP	psychology	0.5376791465242788	4.31	0.7143	0.16413386334932872
VNHTSXTP	business	0.2879038725691389	5.56	0.0476	0.07086300254879316
VNHTSXTP	marketing	0.5466912441340785	4.78	0.0952	0.28785091364948595
VNHTSXTP	economics	0.430484763152916	4.42	0.1111	0.12320056548490674
VNHTSXTP	english	0.3197095258015807	5.19	0.125	0.010205632386108025
VNHTSXTP	theater	0.2256681594652457	4.35	0.1429	0.00947642150220479
VNHTSXTP	visual arts	0.3971381782856455	4.29	0.1429	0.0001
VNHTSXTP	biology	0.3330835104857461	4.22	0.2308	0.0001
VNHTSXTP	environmental science	0.4876331127934437	4.56	0.1538	0.0001
VNHTSXTP	math	0.2993780289569225	4.45	0.0001	0.0001
VNHTSXTP	history	0.4923999716606431	5.39	0.0001	0.06291626984831186
VNHTSXTP	government	0.3819277921814907	5.57	0.0001	0.16367998018708976
VNHTSXTP	anthropology	0.1290780937248048	3.65	0.2	0.038378798850725246
VNHTSXTP	classics	0.1507943638003175	3.9	0.1333	0.031659885853643835
VNHTSXTP	asian studies	0.2248932374857508	4.51	0.0001	0.0001
VNSY2V6A	philosophy	0.0001	4.49	0.0001	0.0001
VNSY2V6A	history	0.4380896746945235	5.39	0.0909	0.04814977575774181
VNSY2V6A	economics	0.4403030685433398	4.42	0.0909	0.04993321540322936
VNSY2V6A	art history	0.364129568708518	5.04	0.0001	0.0001
VNSY2V6A	biology	0.3570113301975508	4.22	0.0769	0.0001
VNSY2V6A	physics	0.5473038776114306	4.39	0.5385	0.24958372159182707
VNSY2V6A	mathematics	0.5674394230223329	4.15	0.0714	0.3032936621813901
VNSY2V6A	astronomy	0.3828295753748363	3.63	0.1429	0.06525655747534174
VNSY2V6A	law	0.2672605172510074	5.46	0.1	0.0011373418593150911
VNSY2V6A	english	0.4061861675832872	5.19	0.125	0.027477743320245485
VNSY2V6A	hispanic studies	0.3166986439262711	3.93	0.1429	0.0001
W6Z3Y3K6	business	0.0001	5.56	0.0001	0.0001
W6Z3Y3K6	biology	0.2567271506815214	4.22	0.0952	-0.0049097789840200304
W6Z3Y3K6	economics	0.4447677968511814	4.42	0.1538	0.22345943482728509
W6Z3Y3K6	accounting	0.4665732039452419	4.29	0.125	0.14441180148768726
W6Z3Y3K6	neuroscience	0.3035566470557502	3.45	0.0001	0.028264965458791286
W6Z3Y3K6	chemistry	0.3821027186023344	4.35	0.0769	0.17059955491211082
W6Z3Y3K6	math	0.5660799392542855	4.45	0.0769	0.23519959680324187
W6Z3Y3K6	public health	0.2076347528127375	5.2	0.0714	0.0001
W6Z3Y3K6	law	0.3539918466371737	5.46	0.3571	0.0001
W6Z3Y3K6	nursing	0.3435213980368692	4.32	0.125	-0.004066847371300338
W6Z3Y3K6	art	0.2653728432132278	5.29	0.0769	-0.0013777642543274754
W6Z3Y3K6	cinema studies	0.1482293087230628	4.11	0.1538	0.0001
W6Z3Y3K6	english	0.285924962041638	5.19	0.1	0.0001
W6Z3Y3K6	french	0.7451474507805892	5.09	0.0909	0.5243193011909424
W6Z3Y3K6	spanish	0.7232482277952562	4.73	0.0909	0.6090713823726011
W6Z3Y3K6	italian	0.606716424079459	4.66	0.0001	0.593040858656401
W6Z3Y3K6	computer science	0.1993321125475582	4.74	0.0001	0.0001
W6Z3Y3K6	ecology	0.2811190190748702	3.74	0.1429	0.0001
W6Z3Y3K6	environmental studies	0.5823948336675813	4.52	0.1	0.0001
WU4Q5VLP	neuroscience	0.0001	3.45	0.0001	0.0001
WU4Q5VLP	biology	0.4403773206421744	4.22	0.0001	0.15734045231652324
WU4Q5VLP	chemistry	0.5806795920598807	4.35	0.0769	0.49851510757449174
WU4Q5VLP	biochemistry	0.5163536755691241	3.36	0.1538	0.1406038824555212
WU4Q5VLP	physics	0.3261483018650962	4.39	0.2308	0.05410175473080584
WU4Q5VLP	psychology	0.5067575290790096	4.31	0.2308	0.14021294702152692
WU4Q5VLP	math	0.4097192505816444	4.45	0.0001	0.10972242820753064
WU4Q5VLP	computer science	0.4120866277401973	4.74	0.0001	0.0001
WU4Q5VLP	economics	0.3922647028771473	4.42	0.0001	0.0001
WU4Q5VLP	engineering	0.4553769324740179	4.8	0.08	0.20321662744227764
XAA8CS8F	economics	0.0001	4.42	0.0001	0.0001
XAA8CS8F	neuroscience	0.2942392063248721	3.45	0.0001	0.048485585847352415
XAA8CS8F	history	0.2550689268486558	5.39	0.0909	0.07559728475955699
XAA8CS8F	english	0.4882463050763406	5.19	0.0909	0.009012855813153834
XAA8CS8F	math	0.4881236537657638	4.45	0.0001	0.0009529364005583067
XAA8CS8F	computer science	0.4120866277401973	4.74	0.0001	0.0001
XAA8CS8F	biology	0.4162770947448582	4.22	0.0769	0.0001
XAA8CS8F	chemistry	0.5806795920598807	4.35	0.0769	0.03418519299018013
XAA8CS8F	biochemistry	0.5163536755691241	3.36	0.1538	0.07816614085186632
XAA8CS8F	visual arts	0.2935863389999775	4.29	0.1667	0.0001
XAA8CS8F	graphic design	0.5471433977475052	4.18	0.2353	0.0001
XAA8CS8F	dance	0.2579764590816759	4.93	0.0588	0.0001
XAA8CS8F	government and legal studies	0.1010561261572949	4.67	0.0001	0.0001
XAA8CS8F	sports management	0.1189656892358934	4.72	0.0001	0.0001
XI93MR3J	mathematics	0.0001	4.15	0.0001	0.0001
XI93MR3J	neuroscience	0.2720946520798879	3.45	0.0714	0.8183019991973282
XI93MR3J	economics	0.2942392063248721	4.42	0.0001	0.15670730208001787
XI93MR3J	english	0.3197095258015807	5.19	0.125	0.041864021828925714
XI93MR3J	history	0.4882463050763406	5.39	0.0909	0.1453590578022821
XI93MR3J	film	0.3071359373410969	5.2	0.0001	0.03361921417554797
XI93MR3J	biochemistry	0.2006510341560291	3.36	0.2	0.008475583196977936
XI93MR3J	biology	0.5395119205157601	4.22	0.0769	0.5911297866399772
XI93MR3J	chemistry	0.5806795920598807	4.35	0.0769	0.3694607282888168
XI93MR3J	government and legal studies	0.2167631577379991	4.67	0.1538	0.0001
XI93MR3J	finance	0.2675552262272354	4.65	0.2105	0.0001
XI93MR3J	business	0.4890077898738023	5.56	0.1429	0.273955865719031
XI93MR3J	mechanical engineering	0.3276249639101902	4.2	0.2	0.0001
XI93MR3J	civil engineering	0.6222905276855039	4.56	0.1333	0.0001
XILQXDX5	neuroscience	0.0001	3.45	0.0001	0.0001
XILQXDX5	business	0.1571783162573388	5.56	0.0952	0.13007930219515984
XILQXDX5	gender studies	0.3833076023944208	4.44	0.1905	0.0001
XILQXDX5	biology	0.4112234032392529	4.22	0.1053	0.0001
XILQXDX5	computer science	0.4162770947448582	4.74	0.0769	0.0001
XILQXDX5	english	0.3458140314563493	5.19	0.0001	0.0001
XILQXDX5	chinese	0.4760775254030986	5.01	0.1111	0.7813023494213276
XILQXDX5	latinx studies	0.2596778313502319	2.31	0.0833	0.0001
XILQXDX5	urban studies	0.6549620902161055	4.48	0.2083	0.0001
XILQXDX5	chemistry	0.268627002783444	4.35	0.0769	0.0001
XILQXDX5	physics	0.6505481012207147	4.39	0.1538	0.5497250759221411
XILQXDX5	math	0.5942729701701036	4.45	0.0769	0.8083613343483853
XILQXDX5	environmental science	0.2993780289569225	4.56	0.0001	0.0001
XILQXDX5	communications	0.2640766501902616	4.59	0.375	0.0001
XILQXDX5	marketing	0.3631608308487344	4.78	0.1111	0.46570365445852974
XILQXDX5	theater	0.3175388638626476	4.35	0.0952	0.028203948000658435
XILQXDX5	film	0.3907148550933097	5.2	0.1905	0.25116928458178833
XILQXDX5	engineering	0.2352116054237675	4.8	0.08	-0.0002626089725343402
XJF7RLTQ	computer science	0.0001	4.74	0.0001	0.0001
XJF7RLTQ	psychology	0.3899600134102504	4.31	0.1429	0.0001
XJF7RLTQ	africana studies	0.4968678416958462	2.23	0.1429	0.0001
XJF7RLTQ	latinx studies	0.8072729985206412	2.31	0.125	0.0001
XJF7RLTQ	art history	0.3598720329713378	5.04	0.0833	0.0001
XJF7RLTQ	art	0.7137494454557008	5.29	0.0001	0.0001
XJF7RLTQ	history	0.4212063960804124	5.39	0.1538	0.05943815628523602
XJF7RLTQ	africana studies	0.3583293635047805	2.23	0.1429	0.0001
XJF7RLTQ	government and legal studies	0.4456598608452096	4.67	0.0714	0.0001
XJF7RLTQ	sociology	0.3410810442091765	3.78	0.0001	0.0001
XJF7RLTQ	anthropology	0.5933899289420845	3.65	0.1	0.17376788023906453
XJF7RLTQ	chemistry	0.3089251282446084	4.35	0.2308	0.07103353602077031
XJF7RLTQ	biology	0.5806795920598807	4.22	0.0769	0.2970786045256615
XJF7RLTQ	biochemistry	0.5395119205157601	3.36	0.0769	0.1311639541192468
XV9JV4CP	art history	0.0001	5.04	0.0001	0.0001
XV9JV4CP	africana studies	0.4260443097980435	2.23	0.1429	0.0001
XV9JV4CP	accounting	0.3762310962466562	4.29	0.2143	0.0001
XV9JV4CP	anthropology	0.2723809881221398	3.65	0.125	0.1802865864397956
XV9JV4CP	business	0.2091116753123383	5.56	0.1429	0.21593279210338306
XV9JV4CP	biology	0.2567271506815214	4.22	0.0952	0.23139007542260479
XV9JV4CP	biochemistry	0.5395119205157601	3.36	0.0769	0.6840224071957186
XV9JV4CP	chemistry	0.5163536755691241	4.35	0.1538	0.7085822319023747
XV9JV4CP	chinese	0.2644324734304608	5.01	0.0769	0.01671706298096272
XV9JV4CP	economics	0.2346532369985267	4.42	0.1111	0.010683240826251491
XV9JV4CP	environmental studies	0.369059318937931	4.52	0.1	0.0001
XV9JV4CP	engineering	0.4248497790250986	4.8	0.08	0.0001
XV9JV4CP	english	0.3025508122295635	5.19	0.04	0.2139110554500758
XV9JV4CP	spanish	0.6514728222113537	4.73	0.0001	0.5582589805294037
XV9JV4CP	art	0.2762630729839521	5.29	0.0769	0.04357340513763776
Y0GQPG0K	english	0.0001	5.19	0.0001	0.0001
Y0GQPG0K	philosophy	0.373345985820834	4.49	0.0001	0.07746762937359242
Y0GQPG0K	french	0.4306499765984315	5.09	0.0909	0.10969616659156546
Y0GQPG0K	german	0.6246213969964196	4.95	0.0455	0.5824157211388852
Y0GQPG0K	classics	0.1660409777673749	3.9	0.1333	0.022560521840566367
Y0GQPG0K	psychology	0.2448489883483694	4.31	0.2	-0.07534819955823421
Y0GQPG0K	computer science	0.3899600134102504	4.74	0.1429	0.0001
Y0GQPG0K	mathematics	0.4405934381495712	4.15	0.0714	0.0001
Y0GQPG0K	physics	0.5674394230223329	4.39	0.0714	0.15430652244711116
Y0GQPG0K	economics	0.4888759143818304	4.42	0.1538	0.08120597137380114
Y0GQPG0K	government	0.3782188808870199	5.57	0.2	0.20340198810144933
Y0GQPG0K	communications	0.319679436783671	4.59	0.3	0.2310386546245117
Y0GQPG0K	hispanic studies	0.1930030944324519	3.93	0.0714	0.0001
Y0GQPG0K	africana studies	0.6245983223996175	2.23	0.1429	0.0001
Y0GQPG0K	chemistry	0.3354342190904351	4.35	0.2857	0.0001
Y0GQPG0K	biology	0.5806795920598807	4.22	0.0769	0.309420123742642
Y0GQPG0K	biochemistry	0.5395119205157601	3.36	0.0769	0.10001025081908761
Y0GQPG0K	physics	0.3261483018650962	4.39	0.2308	0.042141738192636946
YDKEN7JY	government	0.0001	5.57	0.0001	0.0001
YDKEN7JY	business	0.5044460097553727	5.56	0.1905	0.12960365362087056
YDKEN7JY	finance	0.4890077898738023	4.65	0.1429	0.25307068326089055
YDKEN7JY	economics	0.3981005579802696	4.42	0.1053	0.1100744942137055
YDKEN7JY	education	0.3409529446144576	5.28	0.2857	0.11546342383890626
YDKEN7JY	history	0.3011368343334943	5.39	0.1429	0.07356730091067279
YDKEN7JY	biology	0.4353337093934291	4.22	0.3846	0.08234402919957126
YDKEN7JY	physics	0.5473038776114306	4.39	0.5385	0.11143136294231178
YDKEN7JY	chemistry	0.6505481012207147	4.35	0.1538	-0.014036731713207554
YDKEN7JY	marketing	0.3201829076881577	4.78	0.0769	-0.034501675692655505
YDKEN7JY	accounting	0.3599685093276248	4.29	0.6667	0.14011213144914422
YDKEN7JY	africana studies	0.3762310962466562	2.23	0.2143	0.0001
YDKEN7JY	latin american studies	0.5625156951248059	4.33	0.1765	0.0001
YDKEN7JY	spanish	0.5272449052023299	4.73	0.1176	0.0001
YDKEN7JY	english	0.6514728222113537	5.19	0.0001	0.41005720866663403
YDKEN7JY	french	0.7451474507805892	5.09	0.0909	0.2562462033846919
YDKEN7JY	german	0.6246213969964196	4.95	0.0455	0.2879557936320979
YDKEN7JY	mathematics	0.2980076741619363	4.15	0.0714	0.08284409222563839
YDKEN7JY	engineering	0.4071197857431767	4.8	0.08	0.02165236840827648
YDKEN7JY	theatre	0.2706785746876187	4.52	0.1622	0.01030683691938318
YDKEN7JY	dance	0.3897251425937436	4.93	0.0811	0.06361066355425224
YDKEN7JY	music	0.5108597497843897	5.52	0.3333	0.05322225698344432
YMQ1DC06	english	0.0001	5.19	0.0001	0.0001
YMQ1DC06	government	0.2703065258799078	5.57	0.1	0.04304595007348167
YMQ1DC06	law	0.5019712978544907	5.46	0.1	0.33101474722675833
YMQ1DC06	sociology	0.3214234457786354	3.78	0.1	0.0380183046649565
YMQ1DC06	language	0.3148673981046113	5.1	0.25	0.12844481493437426
YMQ1DC06	french	0.534143746695254	5.09	0.1818	0.40759269007192084
YMQ1DC06	anthropology	0.232874287917997	3.65	0.1364	0.040996864115950285
YMQ1DC06	asian studies	0.4727995865325305	4.51	0.3333	0.0001
YMQ1DC06	history	0.2968659193957322	5.39	0.1818	0.0001
YMQ1DC06	chemistry	0.4490372783542884	4.35	0.0769	0.06095342943412824
YMQ1DC06	biology	0.5806795920598807	4.22	0.0769	0.34573207870159256
YMQ1DC06	psychology	0.5514026736006091	4.31	0.1538	0.4441579082255663
YMQ1DC06	education	0.325822340651554	5.28	0.1429	0.23588872005470296
YMQ1DC06	nursing	0.358056578980941	4.32	0.1429	0.3146612526645935
YP5UHRSA	math	0.0001	4.45	0.0001	0.0001
YP5UHRSA	physics	0.5942729701701036	4.39	0.0769	0.5544563099397406
YP5UHRSA	chemistry	0.6505481012207147	4.35	0.1538	0.6057325140006432
YP5UHRSA	biochemistry	0.5163536755691241	3.36	0.1538	0.19521484469131928
YP5UHRSA	biology	0.5395119205157601	4.22	0.0769	0.21201952077380581
YP5UHRSA	sociology	0.4383203008512851	3.78	0.3077	0.37804451387306903
YP5UHRSA	psychology	0.5837935931135537	4.31	0.0001	0.43507247642891334
YP5UHRSA	neuroscience	0.53382919084099	3.45	0.0001	0.174069932765234
YP5UHRSA	english	0.1492327174534544	5.19	0.125	0.047454262310668224
YP5UHRSA	history	0.4882463050763406	5.39	0.0909	0.14467385626293613
YP5UHRSA	environmental studies	0.2513800010631879	4.52	0.0001	0.0001
YP5UHRSA	environmental science	0.7985037877355523	4.56	0.1	0.0001
YP5UHRSA	economics	0.4176559555555108	4.42	0.1667	0.0001
YP5UHRSA	finance	0.3981005579802696	4.65	0.1053	0.19892024547810694
YP5UHRSA	business	0.4890077898738023	5.56	0.1429	0.2673996807072515
YP5UHRSA	french	0.4353979842053732	5.09	0.2273	-0.06326175787602453
YP5UHRSA	german	0.6246213969964196	4.95	0.0455	0.5604142341911383
YP5UHRSA	spanish	0.5961284446515255	4.73	0.3333	0.44282424037107954
YP5UHRSA	hispanic studies	0.5288902167083587	3.93	0.0714	0.0001
YP5UHRSA	africana studies	0.6245983223996175	2.23	0.1429	0.0001
YP5UHRSA	computer science	0.4163495440888187	4.74	0.0714	0.0001
YQ5FHGIU	communications	0.0001	4.59	0.0001	0.0001
YQ5FHGIU	biology	0.2507737630880786	4.22	0.1538	0.045926717667812235
YQ5FHGIU	chemistry	0.5806795920598807	4.35	0.0769	0.39632741654691606
YQ5FHGIU	biochem	0.4401488749246897	2.41	0.1579	0.02509221168374777
YQ5FHGIU	bio engineering	0.512485236635108	4.0	0.1053	0.0001
YQ5FHGIU	mechanical engineering	0.5995591019967591	4.2	0.1333	0.0001
YQ5FHGIU	government	0.2047348668280808	5.57	0.1333	0.0001
YQ5FHGIU	religion	0.384779529950042	4.74	0.1364	0.12884713161873687
YQ5FHGIU	international affairs	0.2403628211789402	4.59	0.1364	0.0001
YQ5FHGIU	dance	0.1435567075827071	4.93	0.3333	0.0001
YQ5FHGIU	visual arts	0.3829060751855686	4.29	0.0833	0.0001
YQ5FHGIU	anthropology	0.281475096397446	3.65	0.4167	0.0001
YQ5FHGIU	computer science	0.3735065265536844	4.74	0.125	0.0001
YQ5FHGIU	data and computer science	0.7288668460516611	4.64	0.2	0.0001
YQ5FHGIU	english	0.2052620605113735	5.19	0.125	0.0001
YQ5FHGIU	romance languages	0.3858731073139145	4.06	0.1538	0.0001
YQ5FHGIU	chinese	0.2310476909882338	5.01	0.0769	0.0001
YQ5FHGIU	japanese	0.6300351928052154	4.81	0.0001	0.46609905409413427
YQ5FHGIU	asian studies	0.5379965070742727	4.51	0.0001	0.0001
YQ5FHGIU	africana studies	0.6164781049306765	2.23	0.0714	0.0001
YQ5FHGIU	physics	0.3793723811872227	4.39	0.0714	0.0001
YVQX6LL1	english	0.0001	5.19	0.0001	0.0001
YVQX6LL1	math	0.4881236537657638	4.45	0.0001	0.0805145623543366
YVQX6LL1	biology	0.4848294269684527	4.22	0.0769	0.5083002271230351
YVQX6LL1	economics	0.4447677968511814	4.42	0.1538	0.3037011105377722
YVQX6LL1	environmental science	0.4176559555555108	4.56	0.1667	0.0001
YVQX6LL1	environmental studies	0.7985037877355523	4.52	0.1	0.0001
YVQX6LL1	political science	0.3828971845034432	4.9	0.2	0.0001
YVQX6LL1	spanish	0.3293619686816351	4.73	0.1111	0.0001
YVQX6LL1	german	0.5961284446515255	4.95	0.3333	0.3156045912936026
YVQX6LL1	french	0.6246213969964196	5.09	0.0455	0.6268098366079983
YVQX6LL1	sociology	0.3302727634764455	3.78	0.3182	0.0010282495940239496
YVQX6LL1	international relations	0.4252964855773268	4.59	0.0001	0.0001
YVQX6LL1	theater	0.230684955432657	4.35	0.1429	0.0001
YVQX6LL1	dance	0.3361614831112545	4.93	0.0952	0.25116720708895884
YVQX6LL1	chemistry	0.3299876302411896	4.35	0.0769	0.00546184141131617
YVQX6LL1	physics	0.6505481012207147	4.39	0.1538	0.7232209982860682
ZERL6DH6	anthropology	0.0001	3.65	0.0001	0.0001
ZERL6DH6	psychology	0.5052531257799697	4.31	0.125	0.10120453913270766
ZERL6DH6	education	0.325822340651554	5.28	0.1429	0.16235534269734544
ZERL6DH6	pre-med	0.2015457214960079	3.84	0.1429	0.0
ZERL6DH6	mathematics	0.1748414501690016	4.15	0.0714	0.0
ZERL6DH6	computer science	0.4405934381495712	4.74	0.0714	0.0001
ZERL6DH6	data and computer science	0.7288668460516611	4.64	0.2	0.0001
ZERL6DH6	physics	0.295509086715338	4.39	0.1538	0.0001
ZERL6DH6	french	0.4176413791435258	5.09	0.2727	0.01593801773887031
ZERL6DH6	middle eastern / north african	0.1795606348636339	4.37	0.1364	0.0001
ZERL6DH6	laclas	0.0001	0.0001	0.0909	0.0001
ZERL6DH6	latin american studies	0.1100644859503146	4.33	0.5294	0.0001
ZERL6DH6	chemistry	0.3110938850860374	4.35	0.1176	0.0001
ZERL6DH6	biology	0.5806795920598807	4.22	0.0769	0.35322394372710625
ZERL6DH6	english	0.3937585621779187	5.19	0.1538	0.04954576704018167
ZERL6DH6	history	0.4882463050763406	5.39	0.0909	0.07167476966707367
ZHMH16C4	human and organizational development	0.0001	3.8	0.0001	0.0001
ZHMH16C4	early childhood ed	0.079520607121311	4.29	0.1429	0.0001
ZHMH16C4	secondary ed	0.4779096225122594	4.34	0.0833	0.0001
ZHMH16C4	elementary ed	0.6513967121484453	4.2	0.1667	0.0001
ZHMH16C4	special ed	0.5449238211375919	4.68	0.0001	0.0001
ZHMH16C4	history	0.1893690288465616	5.39	0.0001	0.0001
ZHMH16C4	biology	0.4353337093934291	4.22	0.3846	0.14379620659233372
ZHMH16C4	chemistry	0.5806795920598807	4.35	0.0769	0.5014310784398582
ZHMH16C4	nursing	0.3559041642223861	4.32	0.0001	0.01898587054957559
ZHMH16C4	journalism	0.3215295830470479	4.12	0.0001	-0.0197196389430904
ZHMH16C4	film	0.3283008340453375	5.2	0.0001	0.03687914379928331
ZHMH16C4	women's studies	0.2243256509138351	4.52	0.0001	0.0001
ZHMH16C4	english	0.2801500676675006	5.19	0.0769	0.0001
ZYQ1C8LT	anthropology	0.0001	3.65	0.0001	0.0001
ZYQ1C8LT	archeology	0.5553263965536163	2.77	0.1818	0.0014729240296310934
ZYQ1C8LT	art history	0.3798790798943023	5.04	0.0909	0.0001
ZYQ1C8LT	asian studies	0.3021273049229718	4.51	0.1111	0.0001
ZYQ1C8LT	biology	0.3850896768457681	4.22	0.2308	0.0001
ZYQ1C8LT	biochemistry	0.5395119205157601	3.36	0.0769	0.20818385035942322
ZYQ1C8LT	chemistry	0.5163536755691241	4.35	0.1538	0.09833002593302348
ZYQ1C8LT	government	0.2382237770171361	5.57	0.1538	-0.2025853285033204
ZYQ1C8LT	german	0.2186679510242849	4.95	0.1	-0.008316098392084147
ZYQ1C8LT	english	0.5364292275959494	5.19	0.0001	0.44820858132519625
ZYQ1C8LT	spanish	0.6514728222113537	4.73	0.0001	0.7145699450775187
ZYQ1C8LT	french	0.7232482277952562	5.09	0.0909	0.47500669327100487
ZYQ1C8LT	italian	0.5853330091830443	4.66	0.1364	0.28485085153803963
ZYQ1C8LT	classics	0.2580685988367117	3.9	0.0667	0.03956803124071437
ZYQ1C8LT	philosophy	0.2953389877106681	4.49	0.2667	0.07710672924639263
