subject,word,entry_number,x,y,domain,pair,word1,x1,y1,word2,x2,y2,euclidean_distance
Z6NZ9EYF,ddhjdf,1,0.5833726229765833,0.07773179058034496,animals,"ddhjdf, cat",ddhjdf,0.5833726229765833,0.07773179058034496,cat,0.004111445879881539,0.01006011902963655,0.5832006227893823
Z6NZ9EYF,cat,2,0.004111445879881539,0.01006011902963655,animals,"cat, dog",cat,0.004111445879881539,0.01006011902963655,dog,0.9917423616845582,0.9825987130298178,1.3860902361221055
Z6NZ9EYF,dog,3,0.9917423616845582,0.9825987130298178,animals,"dog, worlf",dog,0.9917423616845582,0.9825987130298178,worlf,0.9880637552712458,0.021660977009757998,0.9609447771087068
Z6NZ9EYF,worlf,4,0.9880637552712458,0.021660977009757998,animals,"worlf, sheep",worlf,0.9880637552712458,0.021660977009757998,sheep,0.007524788691914771,0.9825987130298178,1.3729013065358415
Z6NZ9EYF,sheep,5,0.007524788691914771,0.9825987130298178,animals,"sheep, bear",sheep,0.007524788691914771,0.9825987130298178,bear,0.5109217560343431,0.9845321893598381,0.5034006804328661
Z6NZ9EYF,bear,6,0.5109217560343431,0.9845321893598381,animals,NA,bear,0.5109217560343431,0.9845321893598381,NA,NA,NA,NA
