Subject	Fluency_Item	Semantic_Similarity	Frequency_Value	Phonological_Similarity	Pairwise_Indv_Similarity
00K73X1D	fox	0.0001	4.66	0.0001	0.0001
00K73X1D	owl	0.3967789347979021	3.87	0.0001	0.020544708843466188
00K73X1D	elk	0.4467150702986939	3.49	0.3333	0.07268824240277313
00K73X1D	pelican	0.3067503676609455	3.07	0.4286	-0.0018212099078150925
00K73X1D	dog	0.2383805390760636	5.1	0.0001	0.009113953506175122
00K73X1D	cat	0.6237586776418724	4.78	0.0001	0.3376442583060815
00K73X1D	fish	0.4610633754267154	4.9	0.0001	0.05712691121324877
00K73X1D	human	0.4033446177063289	5.35	0.0001	0.010909170488947904
00K73X1D	turtle	0.26915360286205	3.91	0.1667	0.024958960252834853
00K73X1D	tortoise	0.7197379445443319	3.26	0.5	0.04546184969066506
00K73X1D	squirrel	0.3507563679060629	3.69	0.1667	0.05373756067313834
00K73X1D	chimpanzee	0.3694120317865818	2.96	0.0001	0.009627497775048
00K73X1D	koala	0.4248323596703509	3.04	0.0001	0.009883425425820328
00K73X1D	kangaroo	0.6206977653718412	3.5	0.1667	-0.019711670060662143
00K73X1D	panda	0.3040900280111108	3.65	0.0001	-0.007707708056380295
00K73X1D	bear	0.4388555596061536	4.71	0.0001	0.5395984791040833
00K73X1D	raven	0.2309274645676954	3.79	0.0001	0.005403504530239192
00K73X1D	dove	0.2949118416025964	3.67	0.2	-0.015397081192733647
0GMT2ITP	dog	0.0001	5.1	0.0001	0.0001
0GMT2ITP	cat	0.6237586776418724	4.78	0.0001	0.45318593393421835
0GMT2ITP	tiger	0.4726230772931846	4.3	0.0001	0.19313978610728066
0GMT2ITP	lion	0.5287590434181855	4.25	0.25	0.18794012977053076
0GMT2ITP	fish	0.3216308285246929	4.9	0.0001	0.05257507052049147
0GMT2ITP	bird	0.4946106208867136	4.63	0.0001	0.12891387508408098
0GMT2ITP	rabbit	0.456518548878788	4.05	0.2	0.01603738017508185
0GMT2ITP	horse	0.581052646905169	4.76	0.0001	0.03529262506163925
0GMT2ITP	cow	0.5537185512529321	4.14	0.0001	0.07920533712060128
0GMT2ITP	sheep	0.4888310248532248	4.19	0.0001	-0.026846580034284733
0GMT2ITP	chicken	0.3884136918865681	4.63	0.0001	0.06613084031889647
0GMT2ITP	turkey	0.4817422089008787	4.56	0.2	0.32938651612603337
0GMT2ITP	elephant	0.387601263846975	4.08	0.0001	0.046092941438238895
0GMT2ITP	rhino	0.562852427969856	3.57	0.1429	0.21947190480765902
0GMT2ITP	giraffe	0.4697877277490335	3.32	0.0001	0.07594829896659785
0GMT2ITP	monkey	0.3287268719402023	4.07	0.0001	0.05765691261369275
0GMT2ITP	chimp	0.6673327650156381	2.95	0.0001	0.09008075390905886
0GMT2ITP	ape	0.7111917724929907	3.48	0.25	0.14823140234012655
0GMT2ITP	gecko	0.3091154048283699	2.91	0.0001	0.0062337506662170986
0GMT2ITP	lizard	0.6375777966666752	3.63	0.0001	0.08481003147617801
0GMT2ITP	frog	0.4842712319006901	3.89	0.0001	0.018504089807611458
0GMT2ITP	toad	0.6834819483409336	3.34	0.0001	0.06474374188995821
0GMT2ITP	beaver	0.3392075996861063	3.61	0.0001	0.09194283311802318
0GMT2ITP	groundhog	0.4235822207227455	2.9	0.0001	0.0315010722608496
0GMT2ITP	snowshoe hare	0.3917951173757787	2.39	0.1111	0.0001
0GMT2ITP	walrus	0.3507476836598867	2.98	0.0001	0.0001
0GMT2ITP	polar bear	0.4460678803004216	3.89	0.1429	0.0001
0GMT2ITP	black bear	0.7010414836508878	4.64	0.4286	0.0001
0GMT2ITP	grizzly bear	0.7458473205790401	3.26	0.3333	0.0001
0GMT2ITP	deer	0.457418055284156	4.12	0.2222	0.0001
0GMT2ITP	moose	0.5255163623440284	3.61	0.0001	0.5318475459026166
0GMT2ITP	loon	0.3159567519965081	2.99	0.3333	0.0739137192685982
0GMT2ITP	bald eagle	0.2671372139119805	3.65	0.125	0.0001
0L28O7LJ	squirrel	0.0001	3.69	0.0001	0.0001
0L28O7LJ	bear	0.3344377005604351	4.71	0.0001	0.05388686277908489
0L28O7LJ	dog	0.466363296707127	5.1	0.0001	0.05067350896279257
0L28O7LJ	cat	0.6237586776418724	4.78	0.0001	0.33425622727188026
0L28O7LJ	parrot	0.3811025413306326	3.49	0.2	0.04398758399767731
0L28O7LJ	dolphin	0.3139815475237796	3.67	0.1667	-0.02010001471150946
0L28O7LJ	whale	0.460046398175249	3.98	0.1667	0.1470725623045228
0L28O7LJ	possum	0.2463644839069434	2.94	0.0001	-0.00020049290825017104
0L28O7LJ	raccoon	0.6618594347934953	3.27	0.0001	0.007687415115093413
0L28O7LJ	bunny	0.3198574540225251	3.88	0.0001	0.010040765116365327
0L28O7LJ	fox	0.2480844035023747	4.66	0.0001	-0.0039650520140734145
0L28O7LJ	fox	1.0	4.66	1.0	0.0
0L28O7LJ	coyote	0.4381869922896049	3.36	0.0001	0.021688487844886487
0L28O7LJ	polar bear	0.3321771733996309	3.89	0.0001	0.0001
0L28O7LJ	brown bear	0.6380856531813487	4.53	0.4286	0.0001
0L28O7LJ	koala	0.3490698361172091	3.04	0.0001	0.0001
0L28O7LJ	peacock	0.279639800379075	3.44	0.0001	-0.038957016258110246
0L28O7LJ	flamingo	0.5344080881681924	3.06	0.0001	0.031183103729042164
0L28O7LJ	zebra	0.300502377217033	3.4	0.0001	0.009723560369624717
0L28O7LJ	stingray	0.2608022956373569	2.93	0.1667	0.01908457968834299
0L28O7LJ	seahorse	0.3725903092716763	2.5	0.3333	-0.002529289588695322
0L28O7LJ	starfish	0.5450176306052951	3.0	0.1429	-0.00010335997600837344
0L28O7LJ	crocodile	0.2961380274354684	3.49	0.125	-0.034227186517056245
0L28O7LJ	alligator	0.7675973157183913	3.32	0.0001	0.06842471725285972
0MGC7F4K	zebra	0.0001	3.4	0.0001	0.0001
0MGC7F4K	giraffe	0.4528724633327149	3.32	0.0001	0.8654188355864467
0MGC7F4K	worm	0.1594806471495	3.77	0.0001	0.014801761405090673
0MGC7F4K	cow	0.3059614880296086	4.14	0.0001	0.0019292859411868108
0MGC7F4K	pig	0.5070622080559183	4.14	0.0001	0.1815480521153173
0MGC7F4K	chicken	0.4295279429259016	4.63	0.2	0.02354380703437498
0MGC7F4K	dog	0.4524856320192024	5.1	0.0001	0.03337164351826971
0MGC7F4K	cat	0.6237586776418724	4.78	0.0001	0.329845125521216
0MGC7F4K	hamster	0.4773470313119325	3.31	0.3333	-0.009246574681199504
0MGC7F4K	guinea pig	0.6165143748468315	3.8	0.0001	0.0001
0MGC7F4K	squirrel	0.3025850885607818	3.69	0.0001	0.0001
0MGC7F4K	lion	0.3141045697896103	4.25	0.1667	-0.008256577808298726
0MGC7F4K	deer	0.4111306357849542	4.12	0.0001	-0.0026778957177636216
0MGC7F4K	elk	0.675210624753035	3.49	0.0001	0.06571963250568671
0MGC7F4K	moose	0.6036219687300036	3.61	0.0001	0.06299030939232661
0MGC7F4K	bird	0.2762695718732826	4.63	0.0001	-0.012597718231941212
0MGC7F4K	eagle	0.4946928053227808	4.13	0.0001	0.04551909043452896
0MGC7F4K	vulture	0.4424060744237552	3.18	0.0001	-0.012433288789524254
0MGC7F4K	polar bear	0.1691936262266127	3.89	0.1429	0.0001
0MGC7F4K	penguin	0.5149102795244207	3.78	0.1429	0.0001
0MGC7F4K	fish	0.4108266670518496	4.9	0.0001	0.04540105182001486
0MGC7F4K	shark	0.5343008496832359	4.1	0.0001	0.14668030960669323
0PRAW6DO	flamingo	0.0001	3.06	0.0001	0.0001
0PRAW6DO	lion	0.3588417126365614	4.25	0.125	0.0
0PRAW6DO	panda	0.3953398605300796	3.65	0.0001	0.0006235329923451161
0PRAW6DO	octopus	0.3118574975787832	3.46	0.0001	0.0
0PRAW6DO	bear	0.2491642783748974	4.71	0.0001	0.0
0PRAW6DO	cat	0.44500661869508	4.78	0.0001	-0.046554987932111096
0PRAW6DO	dog	0.6237586776418724	5.1	0.0001	0.014470561208086914
0PRAW6DO	pig	0.4517392663990121	4.14	0.3333	5.317960270242174e-05
0PRAW6DO	cow	0.5070622080559183	4.14	0.0001	-0.005663508176148409
0PRAW6DO	chicken	0.4835791880000102	4.63	0.2	-0.002527152130383997
0PRAW6DO	turkey	0.4817422089008787	4.56	0.2	0.016557551328300456
0PRAW6DO	lizard	0.2200183229954454	3.63	0.0001	0.0
0PRAW6DO	ant	0.3400651539094703	3.86	0.0001	0.0
0PRAW6DO	snake	0.324541510694899	4.23	0.25	0.026016874867150323
0PRAW6DO	butterfly	0.352144678697852	3.93	0.0001	0.030247906880782705
0PRAW6DO	whale	0.3627663227396496	3.98	0.1429	-0.021299896733987037
0QPSDFM3	giraffe	0.0001	3.32	0.0001	0.0001
0QPSDFM3	lion	0.4095623512921928	4.25	0.0001	0.010452290227968513
0QPSDFM3	bird	0.3282871937331867	4.63	0.0001	0.09545767802370422
0QPSDFM3	dolphin	0.2887699192477353	3.67	0.0001	0.009046889974679074
0QPSDFM3	whale	0.460046398175249	3.98	0.1667	0.016518616310903844
0QPSDFM3	orca	0.6371574245672782	2.93	0.0001	0.03956456318159667
0QPSDFM3	fish	0.3569835019731868	4.9	0.0001	-0.06624076370388764
0QPSDFM3	goldfish	0.6582385948086868	3.28	0.2857	0.027018904530989443
0QPSDFM3	tiger	0.2446859661286691	4.3	0.0001	0.01811090684858563
0QPSDFM3	leopard	0.5404639920734413	3.59	0.2	0.3440270288013557
0QPSDFM3	zebra	0.554449968317689	3.4	0.0001	0.0544807340939799
0QPSDFM3	horse	0.419710860823885	4.76	0.2	0.07054839375843282
0QPSDFM3	rat	0.5351736989353207	4.17	0.0001	0.1060877563477517
0QPSDFM3	mouse	0.6046930033878715	4.31	0.0001	0.07009086247211027
0QPSDFM3	stinkbug	0.3945793651404905	1.27	0.0001	-0.027714531561638507
0QPSDFM3	deer	0.3673871141882403	4.12	0.125	0.003736038905478014
0QPSDFM3	bear	0.4216487799750541	4.71	0.3333	0.4022582095198125
0QPSDFM3	polar bear	0.7556167232897337	3.89	0.4286	0.0001
0QPSDFM3	elephant	0.4171908220413127	4.08	0.0001	0.0001
0QPSDFM3	cow	0.5324826980153902	4.14	0.0001	0.01612023388566209
0QPSDFM3	pig	0.5070622080559183	4.14	0.0001	0.10541070095944402
0QPSDFM3	sheep	0.4346000005916766	4.19	0.0001	0.14255417519113087
0QPSDFM3	goat	0.4983837193760216	4.02	0.0001	0.14456182798795678
18HXK612	frog	0.0001	3.89	0.0001	0.0001
18HXK612	rabbit	0.4254967865020884	4.05	0.0001	0.01961663990349711
18HXK612	cat	0.5138496014322029	4.78	0.4	0.08135451492437552
18HXK612	dog	0.6237586776418724	5.1	0.0001	0.5475082218589497
18HXK612	tiger	0.3767166959202204	4.3	0.25	0.12586011922695534
18HXK612	lizard	0.2714802049419376	3.63	0.2	0.1491402036833912
18HXK612	gecko	0.6375777966666752	2.91	0.0001	0.07815502814651579
18HXK612	mole	0.2272558037159935	3.67	0.0001	0.01313197170334925
18HXK612	rat	0.3851745090130813	4.17	0.0001	0.12405368450750866
18HXK612	mouse	0.6046930033878715	4.31	0.0001	0.09570782963008842
18HXK612	hawk	0.1889110005334836	3.81	0.0001	0.022176013623066676
18HXK612	eagle	0.56949658413453	4.13	0.0001	0.10854102402299631
18HXK612	pigeon	0.4185361791559862	3.61	0.2	0.07659351824175525
18HXK612	lion	0.319990555940131	4.25	0.4	0.02468252743105171
18HXK612	jaguar	0.4344251423448986	3.51	0.0001	0.11041675744408518
18HXK612	leopard	0.4945974328559488	3.59	0.0001	0.1149474697156247
18HXK612	hyena	0.4675379609250306	2.8	0.0001	0.017719617256905087
18HXK612	cheetah	0.484181500788567	3.2	0.4	0.18124570207402396
18HXK612	lynx	0.4463345099155023	3.06	0.0001	0.06535170282533534
18HXK612	meerkat	0.4140925787226024	2.49	0.1667	0.019718968639289406
18HXK612	worm	0.237512949924212	3.77	0.0001	0.0242779185604579
1KEVYYJ9	tiger	0.0001	4.3	0.0001	0.0001
1KEVYYJ9	lion	0.5287590434181855	4.25	0.25	0.015833244380739332
1KEVYYJ9	liger	0.4570527398503843	2.23	0.2	0.0
1KEVYYJ9	panther	0.3795841758907565	3.65	0.2	0.0
1KEVYYJ9	cat	0.4933833190174621	4.78	0.2	0.0332823592668598
1KEVYYJ9	dog	0.6237586776418724	5.1	0.0001	0.2766848623109545
1KEVYYJ9	dolphin	0.3260914534597956	3.67	0.1667	0.018484348064146033
1KEVYYJ9	whale	0.460046398175249	3.98	0.1667	-0.01910953686479995
1KEVYYJ9	orca	0.6371574245672782	2.93	0.0001	-0.047218816623798544
1KEVYYJ9	mosquito	0.2995751361894826	3.61	0.1429	-0.03430740448956488
1KEVYYJ9	rat	0.292491173961191	4.17	0.1429	0.06870204067540751
1KEVYYJ9	mouse	0.6046930033878715	4.31	0.0001	0.045486003086231165
1KEVYYJ9	bat	0.4752875173103768	4.3	0.0001	0.015708022048149424
1KEVYYJ9	chimpanzee	0.3365889195460457	2.96	0.125	0.07767651319311829
1KEVYYJ9	gorilla	0.6267826282198109	3.62	0.0001	0.24002439611894755
1KEVYYJ9	human	0.3603036378272396	5.35	0.1667	0.04824985193596219
1KEVYYJ9	starfish	0.2245554814194962	3.0	0.0001	0.004557255923967509
1KEVYYJ9	nematode	0.4215071787149281	2.57	0.0001	0.0
20ISZCV2	dog	0.0001	5.1	0.0001	0.0001
20ISZCV2	monkey	0.4757702326580078	4.07	0.0001	0.13961879882223807
20ISZCV2	fish	0.4371794632797272	4.9	0.0001	0.04546228774431006
20ISZCV2	bird	0.4946106208867136	4.63	0.0001	0.09257143376441831
20ISZCV2	cat	0.5016037867066757	4.78	0.0001	0.10890630919172276
20ISZCV2	groundhog	0.2767536303907751	2.9	0.0001	0.04508324735705054
20ISZCV2	lion	0.2454114481479913	4.25	0.125	0.005552697797026886
20ISZCV2	catfish	0.3360258841858072	3.35	0.0001	0.032171005925917776
20ISZCV2	leopard	0.3947940535052495	3.59	0.0001	0.040500093353151065
20ISZCV2	wolf	0.4074033405244111	4.35	0.0001	0.07870487121776029
20ISZCV2	flounder	0.3042917070578916	2.78	0.0001	0.02921276393137513
2BD455O0	giraffe	0.0001	3.32	0.0001	0.0001
2BD455O0	elephant	0.5317287512193349	4.08	0.1429	0.07456350868617138
2BD455O0	fish	0.3516731977553307	4.9	0.1429	0.1302795768276272
2BD455O0	shark	0.5343008496832359	4.1	0.0001	0.16681427411818353
2BD455O0	human	0.2988901490680429	5.35	0.0001	0.0032925236475186796
2BD455O0	chimpanzee	0.3867723424235696	2.96	0.125	-0.003602177296353391
2BD455O0	orangutan	0.7451900276905218	2.8	0.0001	0.04297991725295508
2BD455O0	gorilla	0.6503273088417192	3.62	0.125	0.022681722327192483
2BD455O0	eel	0.2900720726983024	3.23	0.2	0.0030929084394040315
2BD455O0	wildebeest	0.4497828297259478	2.52	0.0909	-0.0068557148638591124
2BD455O0	toucan	0.4162048901325594	2.36	0.0001	0.040741989675034965
2BD455O0	canary	0.4004925087249774	3.44	0.0001	-0.025392628573796452
2BD455O0	macaw	0.4563258289395862	2.33	0.1667	-0.02234768314431059
2BD455O0	parakeet	0.6789306579793405	2.48	0.2857	-0.027222467415341723
2BD455O0	lion	0.254588126307727	4.25	0.1429	-0.004200305142456338
2BD455O0	hyena	0.4993925590236512	2.8	0.2	0.012257659351600505
2BD455O0	tiger	0.3534029993310376	4.3	0.0001	0.030721995589617558
2BD455O0	yak	0.3879515934710087	3.12	0.0001	-0.05444568296340448
2BD455O0	horse	0.3851916090345869	4.76	0.0001	-0.07468609072862294
2BD455O0	cat	0.541054220222016	4.78	0.0001	-0.002710546343500729
2BD455O0	dog	0.6237586776418724	5.1	0.0001	0.3073459031459374
2BD455O0	falcon	0.3007794411573141	3.74	0.0001	0.0473475136516064
2BD455O0	hawk	0.5743545082645681	3.81	0.1667	-0.005144221429209791
2BD455O0	eagle	0.56949658413453	4.13	0.0001	0.030423565510248784
2BD455O0	trout	0.2770459931220299	3.78	0.0001	0.006926562936882018
2BD455O0	salmon	0.5937129381197094	4.01	0.0001	0.079154286552037
2BD455O0	reindeer	0.2947785643731608	3.32	0.0001	0.008244247308131537
2BD455O0	wolf	0.2749563430004531	4.35	0.0001	0.010629785072784394
37UDZTHY	cat	0.0001	4.78	0.0001	0.0001
37UDZTHY	dog	0.6237586776418724	5.1	0.0001	0.028240211183114518
37UDZTHY	mouse	0.4964047294803164	4.31	0.0001	-0.005221075831066142
37UDZTHY	rat	0.6046930033878715	4.17	0.0001	-0.01846813589404326
37UDZTHY	bison	0.3994477593239889	3.26	0.0001	-0.014478393484405438
37UDZTHY	elk	0.4278255025971113	3.49	0.0001	0.00034709670543129104
37UDZTHY	sheep	0.3696375189937428	4.19	0.0001	0.03828614760136638
37UDZTHY	moose	0.4194767895000467	3.61	0.0001	-0.008674637968060991
37UDZTHY	cow	0.404531756169159	4.14	0.0001	0.013459299332328268
37UDZTHY	wolf	0.4094228812120621	4.35	0.0001	-0.005033546203167154
37UDZTHY	coyote	0.5489451457701423	3.36	0.0001	0.011955176370584691
37UDZTHY	armadillo	0.4298425283734595	2.7	0.0001	-0.010940331568543727
37UDZTHY	hummingbird	0.3151108063077626	2.96	0.125	5.2003079132987736e-05
37UDZTHY	pig	0.2750439853103412	4.14	0.0001	0.026026559234270556
37UDZTHY	javelina	0.4087862951545447	1.56	0.0001	0.0
37UDZTHY	ferret	0.2840706485642523	3.01	0.0001	0.0
37UDZTHY	squirrel	0.4229256690581866	3.69	0.1667	-0.005750133288237774
37UDZTHY	opossum	0.4918668085646716	2.47	0.1667	0.0
37UDZTHY	raccoon	0.6335855730043713	3.27	0.0001	0.0
37UDZTHY	pronghorn	0.2840595203704681	2.0	0.25	0.0
37UDZTHY	leopard	0.3209354104053405	3.59	0.0001	0.0
37UDZTHY	lion	0.5666639620635257	4.25	0.2	-0.005047414012112059
3YX63NZD	cat	0.0001	4.78	0.0001	0.0001
3YX63NZD	dog	0.6237586776418724	5.1	0.0001	0.41391225791070224
3YX63NZD	lizard	0.3773303112658804	3.63	0.0001	-0.009444867320215787
3YX63NZD	chicken	0.3812791384684995	4.63	0.2	0.01839494521609775
3YX63NZD	cow	0.4835791880000102	4.14	0.2	0.026892997629649782
3YX63NZD	moose	0.404531756169159	3.61	0.0001	0.018004464227759292
3YX63NZD	deer	0.5255163623440284	4.12	0.0001	0.045431950830718056
3YX63NZD	turkey	0.3451517297797835	4.56	0.0001	0.06385822031615972
3YX63NZD	elephant	0.387601263846975	4.08	0.0001	-0.005653207174195435
3YX63NZD	lion	0.5054773378551576	4.25	0.4286	-0.04146296450036697
3YX63NZD	tiger	0.5287590434181855	4.3	0.25	0.09901625452082949
3YX63NZD	jaguar	0.4587286106909373	3.51	0.1667	0.05981549569988325
3YX63NZD	puma	0.4949960088705272	3.22	0.0001	-0.00688908962384263
3YX63NZD	cheetah	0.5569791391546947	3.2	0.25	-0.006526111746045091
3YX63NZD	penguin	0.3789108407406238	3.78	0.1429	-0.07536143894015847
3YX63NZD	alligator	0.3576945434858805	3.32	0.1429	-0.02529457942346411
3YX63NZD	orca	0.3775923342048508	2.93	0.0001	-0.027783688779142772
3YX63NZD	whale	0.6371574245672782	3.98	0.0001	-0.0015629322890395828
3YX63NZD	fish	0.4884778216597922	4.9	0.0001	0.06279108435947138
3YX63NZD	eagle	0.3654242940116012	4.13	0.0001	0.05738290593777203
3YX63NZD	parrot	0.3965189195089975	3.49	0.2	0.008440435987166863
3YX63NZD	blue jay	0.3161212789506438	4.31	0.0001	0.0001
3YX63NZD	robin	0.4271417380133253	4.33	0.0001	0.0001
40SNDKQR	dog	0.0001	5.1	0.0001	0.0001
40SNDKQR	cat	0.6237586776418724	4.78	0.0001	0.4923830601848183
40SNDKQR	cow	0.4396570106857174	4.14	0.3333	0.2471894730416027
40SNDKQR	pig	0.5070622080559183	4.14	0.0001	0.29560393828290016
40SNDKQR	giraffe	0.2757907349608732	3.32	0.0001	0.07371952965401353
40SNDKQR	narwhal	0.3922094648056595	2.28	0.0714	0.09744288700315373
40SNDKQR	stingray	0.3161576261409231	2.93	0.0001	0.3854140454960811
40SNDKQR	elephant	0.3364573855789403	4.08	0.0001	0.11811541487473258
40SNDKQR	rhino	0.562852427969856	3.57	0.1429	0.03526694338452407
40SNDKQR	hippo	0.4555499232225006	3.13	0.0001	-0.05664497846491365
40SNDKQR	hyena	0.4797073018673448	2.8	0.2	0.030625747802730686
40SNDKQR	lion	0.4993925590236512	4.25	0.2	0.02358530801564393
40SNDKQR	tiger	0.5287590434181855	4.3	0.25	0.06594503985188029
40SNDKQR	panther	0.5695496296141942	3.65	0.2	0.031197568069495408
40SNDKQR	jellyfish	0.359175087556522	3.25	0.0001	0.2951087404156034
40SNDKQR	shark	0.409842687007093	4.1	0.0001	0.11559776391470752
40SNDKQR	turtle	0.4405211631996082	3.91	0.0001	0.15934762290029447
40SNDKQR	sperm whale	0.329178092159589	3.6	0.2857	0.0001
40SNDKQR	kangaroo	0.3180187509043524	3.5	0.0001	0.0001
40SNDKQR	polar bear	0.4175332422779253	3.89	0.0001	0.0001
40SNDKQR	panda	0.4216284479945984	3.65	0.1429	0.0001
40SNDKQR	red fox	0.3391362898861553	4.57	0.0001	0.0001
40SNDKQR	buffalo	0.3920579072638527	4.14	0.1429	0.0001
40SNDKQR	cheetah	0.2184304105847604	3.2	0.1667	0.01923108630584454
476LZI3N	spider	0.0001	4.25	0.0001	0.0001
476LZI3N	dogs	0.3446577888235735	4.77	0.0001	-0.015068316712239124
476LZI3N	cat	0.4858284178877863	4.78	0.0001	0.14867916635500023
476LZI3N	cows	0.3171527536810881	3.93	0.3333	0.039279870593376266
476LZI3N	horse	0.4668830853893395	4.76	0.0001	-0.0038935393862352145
476LZI3N	butterfly	0.3961361054870443	3.93	0.0001	0.030975878323491635
476LZI3N	polar bear	0.3194415548468803	3.89	0.1429	0.0001
476LZI3N	squirrel	0.3786765071322862	3.69	0.0001	0.0001
476LZI3N	pig	0.4043016324535288	4.14	0.0001	0.011406643271136793
476LZI3N	guinea pig	0.5860965299530718	3.8	0.1	0.0001
476LZI3N	chameleon	0.3221873916472411	3.1	0.0001	0.0001
4CA4DFWP	seal	0.0001	4.3	0.0001	0.0001
4CA4DFWP	cat	0.2481411840928591	4.78	0.0001	-0.003886703379240985
4CA4DFWP	dog	0.6237586776418724	5.1	0.0001	0.38739078402630034
4CA4DFWP	mouse	0.4964047294803164	4.31	0.0001	0.008032237515711875
4CA4DFWP	rat	0.6046930033878715	4.17	0.0001	0.24379878490609877
4CA4DFWP	horse	0.5351736989353207	4.76	0.0001	0.08662163802080916
4CA4DFWP	caribou	0.3747142087392843	2.97	0.1667	0.12796457418424054
4CA4DFWP	leopard	0.3177747792794573	3.59	0.1667	-0.0518934190944263
4CA4DFWP	leopard seal	0.7801562609868139	3.51	0.625	0.0001
4CA4DFWP	hippopotamus	0.3309415917799825	2.56	0.0909	0.0001
4CA4DFWP	alligator	0.4522110748507002	3.32	0.1818	0.005578646040984894
4CA4DFWP	crocodile	0.7675973157183913	3.49	0.0001	0.1045230914014099
4CA4DFWP	lion	0.4092624733017642	4.25	0.125	0.08262034683736318
4CA4DFWP	tiger	0.5287590434181855	4.3	0.25	0.12239070759185494
4CA4DFWP	gecko	0.2634663512666007	2.91	0.0001	0.09551856454609892
4CA4DFWP	lizard	0.6375777966666752	3.63	0.0001	0.061819746823955544
4CA4DFWP	spider	0.4118683230624709	4.25	0.0001	0.08390468988239257
4CA4DFWP	praying mantis	0.4589798476866291	3.06	0.0001	0.0001
4CA4DFWP	fish	0.2645437478753366	4.9	0.0001	0.0001
4CA4DFWP	seagull	0.4220943904617484	3.02	0.0001	-0.0016519214798543477
4CA4DFWP	bird	0.5595388937420127	4.63	0.0001	0.1106131065880466
4CA4DFWP	monkey	0.3702629972118545	4.07	0.0001	0.021948069723143462
4CA4DFWP	orangutan	0.5673142016496505	2.8	0.125	0.15254076923749582
4CA4DFWP	cat	0.2637710305954763	4.78	0.25	0.03710951367751348
4CA4DFWP	dingo	0.3186172658147658	2.75	0.0001	0.03690935860719215
4CA4DFWP	coyote	0.4194267565177381	3.36	0.0001	-0.008566394428519034
4CA4DFWP	wolf	0.5489451457701423	4.35	0.0001	0.3110334533724804
4CA4DFWP	rabbit	0.3585477092550135	4.05	0.0001	0.06267646676847673
4CA4DFWP	lemming	0.254289566216715	2.33	0.0001	-0.08624793998975948
4CA4DFWP	rodent	0.3597972396820059	3.2	0.0001	-0.0036456086273661038
4CA4DFWP	marsupial	0.4636195089861823	2.41	0.1111	0.06442754006097047
4CA4DFWP	koala	0.6259062004659044	3.04	0.1111	0.0001733995850728866
4CA4DFWP	platypus	0.5313336058806478	2.69	0.125	0.02243660998755056
4CA4DFWP	kangaroo	0.4711355210865553	3.5	0.0001	0.016375090125675115
4CA4DFWP	axolotl	0.4087847054789991	2.02	0.1	0.01745647062030319
56M8U5A5	cat	0.0001	4.78	0.0001	0.0001
56M8U5A5	dog	0.6237586776418724	5.1	0.0001	0.3125836409948055
56M8U5A5	fish	0.5082364880357054	4.9	0.0001	0.15326387446670134
56M8U5A5	camel	0.345268928418817	3.64	0.0001	0.05385615426724586
56M8U5A5	rat	0.3379443074366688	4.17	0.2	0.013001951840559332
56M8U5A5	mouse	0.6046930033878715	4.31	0.0001	0.049404676279273065
56M8U5A5	skunk	0.2366760775629688	3.1	0.0001	0.03366641615627893
56M8U5A5	parrot	0.3765038233947684	3.49	0.0001	-0.004835079615258329
56M8U5A5	cardinal	0.39888242336462	3.9	0.25	0.02591236468439367
56M8U5A5	blue jay	0.3479446878290967	4.31	0.0001	0.0001
56M8U5A5	pigeon	0.3019648484470378	3.61	0.0001	0.0001
56M8U5A5	titmouse	0.4780145931921851	1.87	0.1667	0.0017688598072088404
56M8U5A5	fox	0.3476691524387172	4.66	0.1667	0.0072343588723268884
56M8U5A5	coyote	0.4381869922896049	3.36	0.0001	-0.01640298717097809
56M8U5A5	mountain lion	0.4308408746751347	4.13	0.0909	0.0001
56M8U5A5	mountain goat	0.474085703584796	3.94	0.4545	0.0001
56M8U5A5	pig	0.2633430844339806	4.14	0.1111	0.0001
56M8U5A5	horse	0.4668289018950373	4.76	0.0001	0.015994018648752342
56M8U5A5	peacock	0.3589295124869491	3.44	0.0001	-0.05652263335737499
56M8U5A5	dolphin	0.3029750629125811	3.67	0.0001	-0.0217851132670769
56M8U5A5	whale	0.460046398175249	3.98	0.1667	0.28927220245714874
56M8U5A5	jellyfish	0.408993217616397	3.25	0.1429	0.05289525501294512
5K82MZW1	bird	0.0001	4.63	0.0001	0.0001
5K82MZW1	dog	0.4898540038326706	5.1	0.0001	0.08119659048195244
5K82MZW1	cat	0.6237586776418724	4.78	0.0001	0.41459744798362136
5K82MZW1	bug	0.3746785436349276	4.2	0.0001	0.022117097650150276
5K82MZW1	snail	0.2724381036625374	3.67	0.0001	0.03471846052327291
5K82MZW1	mollusk	0.5672785213882029	2.28	0.0001	-0.004320064582265982
5K82MZW1	clam	0.5546505335439974	3.22	0.1667	-0.003720500714185375
5K82MZW1	tiger	0.1328984282271057	4.3	0.0001	0.01335082647862669
5K82MZW1	lion	0.5287590434181855	4.25	0.25	0.016750094151510273
5K82MZW1	giraffe	0.4095623512921928	3.32	0.0001	0.008250184474234146
5K82MZW1	elephant	0.5317287512193349	4.08	0.1429	0.04851349086958924
5K82MZW1	rhino	0.562852427969856	3.57	0.1429	0.005883057517498151
5K82MZW1	panda	0.3730166232321636	3.65	0.2	0.02274698233072786
5K82MZW1	grizzly	0.3778027382205543	3.28	0.0001	-0.01185626815232731
5K82MZW1	polar bear	0.6055165778269836	3.89	0.0001	0.0001
5K82MZW1	red panda	0.4244531858445013	3.64	0.0001	0.0001
5K82MZW1	snake	0.244565008206961	4.23	0.125	0.0001
5K82MZW1	lizard	0.4689230476663202	3.63	0.0001	0.03689737351256514
5K82MZW1	salamander	0.5928413738942232	2.76	0.2222	-0.010130578803573355
5K82MZW1	frog	0.5408249722271008	3.89	0.0001	-0.012412435444992964
5K82MZW1	spider	0.4584612973281676	4.25	0.0001	-0.009117867237152962
5K82MZW1	dingo	0.3347035239994655	2.75	0.0001	0.0
5K82MZW1	kangaroo	0.5675773245086397	3.5	0.3333	0.0
5K82MZW1	koala	0.6206977653718412	3.04	0.1667	0.01720689402616438
5K82MZW1	penguin	0.4172859549057039	3.78	0.1429	-0.0035527933422259046
64LRAXDJ	hermit crab	0.0001	3.1	0.0001	0.0001
64LRAXDJ	fish	0.3221887298973851	4.9	0.0001	0.0001
64LRAXDJ	tamarin	0.3533503954005252	1.74	0.0001	0.0001
64LRAXDJ	macaw	0.4099219361299349	2.33	0.1667	0.0001
64LRAXDJ	caiman	0.4402259658820261	2.21	0.0001	1.3003758387856977e-05
64LRAXDJ	lizard	0.3727355453972543	3.63	0.0001	0.001546176598052539
64LRAXDJ	snake	0.4689230476663202	4.23	0.0001	0.02847518899781667
64LRAXDJ	dogs	0.3674939680392779	4.77	0.0001	0.007298547968222385
64LRAXDJ	cat	0.4858284178877863	4.78	0.0001	0.25018067715194986
64LRAXDJ	monkeys	0.3762491907328835	3.86	0.1667	0.014366445017077628
64LRAXDJ	giraffe	0.3258819477768078	3.32	0.0001	0.047619660092529666
64LRAXDJ	elephant	0.5317287512193349	4.08	0.1429	0.1795498412780397
64LRAXDJ	cheetah	0.4222716358628852	3.2	0.1429	-0.02239636728789153
64LRAXDJ	panther	0.5459876336868525	3.65	0.0001	0.039024385305148415
64LRAXDJ	puma	0.5088035615217912	3.22	0.2	-0.019033154191673205
64LRAXDJ	lion	0.5083716218479423	4.25	0.0001	0.014321861435203807
64LRAXDJ	gazelle	0.3254944192241545	2.87	0.0001	0.08953303023641657
64LRAXDJ	mouse	0.2043284057004795	4.31	0.0001	0.013469250344538403
64LRAXDJ	mice	0.7365692366379285	4.09	0.6667	0.505688987594856
64LRAXDJ	rat	0.5122551353235997	4.17	0.0001	0.036385857468926835
64LRAXDJ	iguana	0.3446454469300407	2.74	0.0001	-0.020103383359603412
64LRAXDJ	opossum	0.3086307775670835	2.47	0.1667	0.017520705073685146
64LRAXDJ	squirrel	0.4918668085646716	3.69	0.1667	0.011859581967374605
64LRAXDJ	skunk	0.390497265285999	3.1	0.3333	0.051296597727332624
64LRAXDJ	pigeon	0.3614178767071645	3.61	0.0001	-0.005124318968152009
64LRAXDJ	ant	0.3674388356179519	3.86	0.0001	-0.02293145723318137
64LRAXDJ	bee	0.4644535126161981	4.09	0.0001	0.03162137397909805
64LRAXDJ	hummingbird	0.4221071559943141	2.96	0.125	0.022063909513891828
6CDVQX7L	binturong	0.0001	1.09	0.0001	0.0001
6CDVQX7L	cheetah	0.1769519546209761	3.2	0.1111	0.0
6CDVQX7L	coati	0.2183816691483006	1.58	0.2	0.0
6CDVQX7L	dog	0.2262035448860678	5.1	0.0001	0.0
6CDVQX7L	cat	0.6237586776418724	4.78	0.0001	0.2600730800877978
6CDVQX7L	walrus	0.297562758910425	2.98	0.0001	0.015296276731356277
6CDVQX7L	sea lion	0.5383592802175895	4.19	0.3333	0.0001
6CDVQX7L	cow	0.2597123239371239	4.14	0.0001	0.0001
6CDVQX7L	duck	0.3432260816386629	4.21	0.0001	0.025002484704510403
6CDVQX7L	salmon	0.3035293170557736	4.01	0.0001	-0.00725795934116555
6CDVQX7L	clownfish	0.3467687212508676	2.18	0.0001	0.0
6CDVQX7L	rhino	0.2879290767146123	3.57	0.1429	0.0
6CDVQX7L	lion	0.393895987237195	4.25	0.25	-0.02494885994593896
6CDVQX7L	zebra	0.4470930196330995	3.4	0.0001	-0.004427185068083622
6CDVQX7L	orangutan	0.4363892815291108	2.8	0.125	-0.003609588796569621
6CDVQX7L	shrew	0.3833525384807503	2.75	0.0001	-0.035061305982750555
6CDVQX7L	mole	0.4149387974083632	3.67	0.0001	0.004878133842354019
6CDVQX7L	snail	0.3368150063553971	3.67	0.25	0.00030759929425533574
6CDVQX7L	african wild dog	0.2832968560634497	4.41	0.1429	0.0001
6CDVQX7L	whale	0.2324917084800095	3.98	0.1429	0.0001
6CDVQX7L	blobfish	0.4361432399564449	1.37	0.0001	0.0
6CDVQX7L	eel	0.4828329854266373	3.23	0.1429	0.0
6CDVQX7L	shark	0.4784995598394761	4.1	0.0001	-0.005270931663162055
6CDVQX7L	penguin	0.4351456353321026	3.78	0.0001	-0.0173463311523148
6CDVQX7L	peacock	0.4358076614772561	3.44	0.1429	0.008515768725395558
6CDVQX7L	chimpanzee	0.3759513405792223	2.96	0.125	0.01350190800292079
6CDVQX7L	bat	0.3365889195460457	4.3	0.125	-0.01611875924105766
6CDVQX7L	turtle	0.3431704235714958	3.91	0.2	0.05574250384665812
6D26ZXC8	ostrich	0.0001	3.05	0.0001	0.0001
6D26ZXC8	monkey	0.2957575656786826	4.07	0.0001	0.03334922982046885
6D26ZXC8	baboon	0.5723941636309602	2.73	0.0001	0.06762512424851343
6D26ZXC8	zebra	0.4786973902201594	3.4	0.2	0.08294369239954553
6D26ZXC8	lion	0.4470930196330995	4.25	0.0001	0.32170241170651037
6D26ZXC8	pig	0.3359296185976554	4.14	0.0001	0.016291182687773676
6D26ZXC8	warthog	0.3747936513412639	2.49	0.1429	0.12894850230813953
6D26ZXC8	hyena	0.4346198234698128	2.8	0.0001	0.08937254216930406
6D26ZXC8	goat	0.2158523261786977	4.02	0.0001	0.055664750127040745
6D26ZXC8	sheep	0.4983837193760216	4.19	0.0001	0.23706796695883967
6D26ZXC8	cow	0.4888310248532248	4.14	0.0001	0.30702907742911034
6D26ZXC8	bluebird	0.3530866021569037	2.91	0.0001	0.02939544333388983
6D26ZXC8	anteater	0.2579483803080654	2.28	0.0001	0.013294136407273695
6PJDUW9O	frog	0.0001	3.89	0.0001	0.0001
6PJDUW9O	dog	0.4486416539774568	5.1	0.25	0.06043597466884395
6PJDUW9O	cat	0.6237586776418724	4.78	0.0001	0.5122249871624788
6PJDUW9O	lizard	0.3640193444250397	3.63	0.0001	0.04825569674635118
6PJDUW9O	bird	0.386838106027633	4.63	0.2	0.06602466968137054
6PJDUW9O	alligator	0.3462962546463963	3.32	0.0001	0.11222933768357554
6PJDUW9O	crocodile	0.7675973157183913	3.49	0.0001	0.0968982935500195
6PJDUW9O	crab	0.3725161577660366	3.76	0.25	0.07521502214848871
6PJDUW9O	seal	0.3088078629072766	4.3	0.0001	-0.005762375492224653
6PJDUW9O	sea lion	0.5033885882394009	4.19	0.5	0.0001
6PJDUW9O	shark	0.4558726449305412	4.1	0.0001	0.0001
6PJDUW9O	whale	0.4783327474667829	3.98	0.0001	0.2570361699023409
6PJDUW9O	cod	0.3335268438242016	3.89	0.0001	0.04038026581629275
6PJDUW9O	monkey	0.2487018328038425	4.07	0.0001	0.04327821729520546
6PJDUW9O	dinosaur	0.3115824747656601	3.77	0.0001	0.05792036309245423
6PJDUW9O	chicken	0.3911956997034188	4.63	0.1429	0.08888062051563542
6PJDUW9O	pig	0.4295279429259016	4.14	0.2	0.21770080576759368
6PJDUW9O	goat	0.4775987811688726	4.02	0.0001	0.1714361882900563
6PJDUW9O	horse	0.499247947330243	4.76	0.0001	0.12239463337578486
6PJDUW9O	sheep	0.4918044951808784	4.19	0.0001	0.07728316476234791
6PJDUW9O	rat	0.4151347913175764	4.17	0.0001	0.05751811735619915
6PJDUW9O	guinea pig	0.5169400878038231	3.8	0.0001	0.0001
6PJDUW9O	ferret	0.5633644002690925	3.01	0.0001	0.0001
6PJDUW9O	bear	0.3129385734949893	4.71	0.4	0.011678886438916005
6VBV95IL	cat	0.0001	4.78	0.0001	0.0001
6VBV95IL	dog	0.6237586776418724	5.1	0.0001	0.4539485165887159
6VBV95IL	lizard	0.3773303112658804	3.63	0.0001	0.04712720352516615
6VBV95IL	bird	0.386838106027633	4.63	0.2	0.23462221873492653
6VBV95IL	fish	0.4946106208867136	4.9	0.0001	0.20894990406008032
6VBV95IL	squid	0.4246790108330642	3.44	0.2	0.13064087138255495
6VBV95IL	whale	0.4065391056714793	3.98	0.2	0.10076122750097072
6VBV95IL	shark	0.4783327474667829	4.1	0.0001	0.1943501789733507
6VBV95IL	eel	0.4784995598394761	3.23	0.0001	0.02880897110621041
6VBV95IL	elephant	0.3683861443729942	4.08	0.1429	0.0710883797423832
6VBV95IL	zebra	0.3986454433345328	3.4	0.1429	0.05361600499234905
6VBV95IL	giraffe	0.4528724633327149	3.32	0.0001	0.024652123392554362
6VBV95IL	boar	0.2922259707393374	3.3	0.0001	-0.018476784469178126
6VBV95IL	pig	0.5405226025920522	4.14	0.0001	0.10555740239173217
6VBV95IL	horse	0.4668289018950373	4.76	0.0001	0.1591996537232526
6VBV95IL	sheep	0.4918044951808784	4.19	0.0001	0.14111934336419138
6VBV95IL	goat	0.4983837193760216	4.02	0.0001	0.1484205520435336
6VBV95IL	leopard	0.2391681888069757	3.59	0.0001	0.037871920408651664
6VBV95IL	t rex	0.2855230784128963	3.88	0.0001	0.0001
6VBV95IL	mouse	0.2461635695535461	4.31	0.1667	0.0001
6VBV95IL	rat	0.6046930033878715	4.17	0.0001	0.1180596801534042
6XD6NVVO	cat	0.0001	4.78	0.0001	0.0001
6XD6NVVO	dog	0.6237586776418724	5.1	0.0001	0.24730265168705648
6XD6NVVO	mouse	0.4964047294803164	4.31	0.0001	-0.15365887855350674
6XD6NVVO	snake	0.5082115478815262	4.23	0.0001	0.008555288196028705
6XD6NVVO	goldfish	0.3891573979797653	3.28	0.0001	-0.0073833764335513715
6XD6NVVO	elephant	0.3219437972497485	4.08	0.1429	0.054708408122287576
6XD6NVVO	axolotl	0.2772717188459864	2.02	0.1	0.0
6XD6NVVO	polar bear	0.2995764732457864	3.89	0.3	0.0001
6XD6NVVO	eagle	0.2912822789040782	4.13	0.0001	0.0001
6XD6NVVO	dolphin	0.3219132193251197	3.67	0.1667	-0.0024412081556951736
6XD6NVVO	mink	0.2957065380946764	3.15	0.0001	0.0009142510739014496
6XD6NVVO	pigeon	0.3432774817665742	3.61	0.2	0.0013787320806326758
73N2RQWR	duck	0.0001	4.21	0.0001	0.0001
73N2RQWR	bird	0.5022210132036312	4.63	0.0001	0.1697577087404735
73N2RQWR	cow	0.3849710784083628	4.14	0.0001	-0.04859188449232829
73N2RQWR	chicken	0.4835791880000102	4.63	0.2	0.0714195633131398
73N2RQWR	pig	0.4295279429259016	4.14	0.2	0.13227335314885424
73N2RQWR	horse	0.4668289018950373	4.76	0.0001	0.10891063501778113
73N2RQWR	sheep	0.4918044951808784	4.19	0.0001	0.025527157021893666
73N2RQWR	lamb	0.6208552944936162	4.02	0.0001	0.05867377173481331
73N2RQWR	dog	0.3873348081923483	5.1	0.0001	-0.008332633963981468
73N2RQWR	cat	0.6237586776418724	4.78	0.0001	0.3500661527100462
73N2RQWR	snake	0.4411978121673301	4.23	0.0001	0.008637902538894465
73N2RQWR	iguana	0.4378539156599155	2.74	0.0001	-0.01901858093662688
73N2RQWR	lizard	0.6742757649334065	3.63	0.0001	-0.048454383427918656
73N2RQWR	salamander	0.5928413738942232	2.76	0.2222	-0.02557991646529353
73N2RQWR	finch	0.275756457924373	3.55	0.1111	-0.041403639505388196
73N2RQWR	dinosaur	0.2385446558241953	3.77	0.1429	-0.025434179529588697
73N2RQWR	lemur	0.3395312533857801	2.57	0.0001	0.0006121176411022333
73N2RQWR	monkey	0.4959759579529137	4.07	0.0001	0.023641762527609064
73N2RQWR	ape	0.6734808024803075	3.48	0.0001	0.11569472739456545
73N2RQWR	ferret	0.2339152581503234	3.01	0.0001	-0.039229340526332
73N2RQWR	seal	0.3182362822736443	4.3	0.0001	0.004160887898545214
73N2RQWR	lion	0.3952883689040625	4.25	0.0001	-0.015729385304091195
73N2RQWR	sea lion	0.7761137935668948	4.19	0.6667	0.0001
73N2RQWR	whale	0.5322043837402474	3.98	0.1667	0.0001
73N2RQWR	manatee	0.5179818407990202	2.74	0.0001	-0.03274139201308913
73N2RQWR	shrimp	0.370670661479594	3.79	0.0001	0.01151165461127859
7SUXPU9Y	cat	0.0001	4.78	0.0001	0.0001
7SUXPU9Y	dog	0.6237586776418724	5.1	0.0001	0.450800411439358
7SUXPU9Y	snake	0.4532492060944897	4.23	0.0001	0.014439549232122737
7SUXPU9Y	tiger	0.3797704115057891	4.3	0.0001	-0.0116724274904541
7SUXPU9Y	monkey	0.5143384411798758	4.07	0.0001	0.057406592480814186
7SUXPU9Y	snail	0.3667981777191589	3.67	0.0001	0.06718667951488325
7SUXPU9Y	worm	0.3578105753841606	3.77	0.0001	0.016384764043455017
7SUXPU9Y	bird	0.2888374409130065	4.63	0.3333	0.09697231433056056
7SUXPU9Y	salamander	0.3269282018717534	2.76	0.1111	0.13780382890029388
7SUXPU9Y	plaice	0.3127051871922528	2.16	0.1111	0.0001
7SUXPU9Y	leech	0.3031284403551428	3.17	0.2	0.0001
7SUXPU9Y	lizard	0.293481838570762	3.63	0.2	0.04705186803944658
7SUXPU9Y	elephant	0.4105587570810067	4.08	0.1429	0.0024290813662656012
7SUXPU9Y	giraffe	0.5317287512193349	3.32	0.1429	0.04083915906141607
7SUXPU9Y	lion	0.4095623512921928	4.25	0.0001	0.1365963789958539
7SUXPU9Y	starfish	0.2706917113528405	3.0	0.0001	0.009530637359786438
7SUXPU9Y	mussel	0.3794992803706534	2.74	0.0001	0.005141933864518676
7SUXPU9Y	crab	0.3554502637345298	3.76	0.0001	0.10322317502888619
86EKSDZC	giraffe	0.0001	3.32	0.0001	0.0001
86EKSDZC	cat	0.3102734574517428	4.78	0.25	0.007038825862910056
86EKSDZC	dog	0.6237586776418724	5.1	0.0001	0.17799622192009826
86EKSDZC	hippo	0.333032559439115	3.13	0.0001	0.02852097303335789
86EKSDZC	lion	0.3957305202794541	4.25	0.0001	0.04206712237893098
86EKSDZC	lion	0.9999999999999998	4.25	1.0	0.0
86EKSDZC	tiger	0.5287590434181855	4.3	0.25	0.02553895517918553
86EKSDZC	elephant	0.5129784205874345	4.08	0.0001	0.04240167147996305
86EKSDZC	camel	0.4511404213435075	3.64	0.1429	0.46930662566904857
86EKSDZC	bird	0.2890880173241944	4.63	0.0001	0.10352107086243202
86EKSDZC	parrot	0.5972170069185448	3.49	0.0001	-0.04817270024365962
86EKSDZC	hawk	0.3517027531198065	3.81	0.0001	-0.009688581774342392
86EKSDZC	sparrow	0.4264267718803179	3.48	0.0001	0.004302302222702003
86EKSDZC	dove	0.415463841815553	3.67	0.0001	-0.012510761089810437
86EKSDZC	cardinal	0.2635859939957342	3.9	0.125	-0.0033791320590832938
86EKSDZC	jay	0.2664854236307452	4.38	0.0001	-0.011142166548095547
86EKSDZC	bear	0.3630756796357108	4.71	0.0001	0.0341679058583361
86EKSDZC	wolf	0.4587073486700028	4.35	0.0001	0.08340049927923458
86EKSDZC	bull	0.4505990630954305	4.34	0.5	0.05343998821878963
86EKSDZC	cow	0.5748645326837023	4.14	0.0001	0.01729671410444561
86EKSDZC	crocodile	0.3845473352517597	3.49	0.125	-0.0008847266518411725
86EKSDZC	alligator	0.7675973157183913	3.32	0.0001	-0.005408523569697295
86EKSDZC	tardigrade	0.4031632685803732	1.64	0.1	-0.0006478075866617257
86EKSDZC	fish	0.397123790362279	4.9	0.1	0.022331278829745414
86EKSDZC	shark	0.5343008496832359	4.1	0.0001	0.09001336209477419
86EKSDZC	whale	0.4783327474667829	3.98	0.0001	0.037249826976813775
86EKSDZC	oyster	0.3084305272398793	3.54	0.0001	0.010963874956706794
86EKSDZC	clam	0.5754170100342376	3.22	0.0001	-0.010694806962653751
8BL6X7AX	cat	0.0001	4.78	0.0001	0.0001
8BL6X7AX	dog	0.6237586776418724	5.1	0.0001	0.475457935485407
8BL6X7AX	zebra	0.3251493488845118	3.4	0.0001	0.03845232711318986
8BL6X7AX	lamb	0.3333237401239945	4.02	0.0001	0.03918784972808935
8BL6X7AX	mouse	0.3430151612096224	4.31	0.0001	0.04428001294779959
8BL6X7AX	beaver	0.387452581756345	3.61	0.0001	0.021770426894948625
8BL6X7AX	fish	0.3124660607718966	4.9	0.0001	0.0024864520182780367
8BL6X7AX	bird	0.4946106208867136	4.63	0.0001	0.09534765907629612
8BL6X7AX	bacteria	0.2158971574982301	4.19	0.125	0.03398091603962032
8BL6X7AX	human	0.3162996631939614	5.35	0.0001	0.12095662627813152
8BL6X7AX	goats	0.3185528422990249	3.72	0.0001	0.06084249158337594
8BL6X7AX	caterpillar	0.2311003630180093	3.38	0.125	0.03463046868152681
8BL6X7AX	insect	0.4887531704654697	3.76	0.0001	0.0001
8JEQ20SU	dog	0.0001	5.1	0.0001	0.0001
8JEQ20SU	cat	0.6237586776418724	4.78	0.0001	0.2090581334971366
8JEQ20SU	cow	0.4396570106857174	4.14	0.3333	0.06477859155446129
8JEQ20SU	pig	0.5070622080559183	4.14	0.0001	0.018281734774799985
8JEQ20SU	sheep	0.4346000005916766	4.19	0.0001	0.0203658195849555
8JEQ20SU	goat	0.4983837193760216	4.02	0.0001	0.04427032695733489
8JEQ20SU	chicken	0.3768896505737327	4.63	0.0001	0.0733175412649316
8JEQ20SU	duck	0.4831644117495094	4.21	0.2	0.09520087926520672
8JEQ20SU	turkey	0.3071827090510775	4.56	0.25	-0.024733839924003447
8JEQ20SU	goose	0.4175733655710036	3.84	0.0001	0.11375639297908857
8JEQ20SU	rabbit	0.3325776860189786	4.05	0.0001	0.06045892302033523
8JEQ20SU	deer	0.4644780575169953	4.12	0.0001	0.07728810081782862
8JEQ20SU	elk	0.675210624753035	3.49	0.0001	0.061962798551573044
8PAKX1OM	fish	0.0001	4.9	0.0001	0.0001
8PAKX1OM	bird	0.4946106208867136	4.63	0.0001	0.10465531015409871
8PAKX1OM	dog	0.4898540038326706	5.1	0.0001	0.0699460654879424
8PAKX1OM	cat	0.6237586776418724	4.78	0.0001	0.3911691319811778
8PAKX1OM	kangaroo	0.3636358470604127	3.5	0.1667	0.05097175579906316
8PAKX1OM	squirrel	0.3763686360741178	3.69	0.0001	0.03003957101530306
8PAKX1OM	snail	0.3923780397266397	3.67	0.3333	-0.004654441125939507
8PAKX1OM	whale	0.3608620829014974	3.98	0.5	0.026109440304722602
8PAKX1OM	narwhal	0.5126876799983173	2.28	0.0714	0.3439980284321592
8PAKX1OM	beluga	0.4181893814889226	2.69	0.1429	0.007691335120841915
8PAKX1OM	orca	0.6327692607827502	2.93	0.1667	-0.05180107122008699
8PAKX1OM	frog	0.3340589383036363	3.89	0.25	0.028695782787993233
8PAKX1OM	hedgehog	0.3332473970896429	3.25	0.1667	0.009186684357659583
8PAKX1OM	chipmunk	0.4500538916805079	2.74	0.0001	0.11151706183668023
8PAKX1OM	snake	0.4242636454785986	4.23	0.1429	0.020670265478569587
8PAKX1OM	bat	0.3694151277994894	4.3	0.0001	0.012543003008252339
8PAKX1OM	bloodhound	0.1585538253022771	2.7	0.125	-0.006980647754031262
8PAKX1OM	flamingo	0.1848179568339515	3.06	0.125	-0.006970995618466524
8PAKX1OM	horse	0.3280806944664294	4.76	0.0001	0.0292001184385352
8ZC5BFHF	squirrel	0.0001	3.69	0.0001	0.0001
8ZC5BFHF	chipmunk	0.626327545622425	2.74	0.0001	0.1635402707282434
8ZC5BFHF	zebra	0.4138934415414426	3.4	0.0001	0.047753564066197775
8ZC5BFHF	giraffe	0.4528724633327149	3.32	0.0001	0.018067535189411846
8ZC5BFHF	dog	0.3077848113507482	5.1	0.0001	0.03171518045022986
8ZC5BFHF	cat	0.6237586776418724	4.78	0.0001	0.5022945064527381
8ZC5BFHF	lion	0.4466598206998501	4.25	0.0001	0.015935344200872933
8ZC5BFHF	jaguar	0.4344251423448986	3.51	0.0001	0.04061953462621143
8ZC5BFHF	cougar	0.4193988063201214	3.38	0.1667	0.07084769969056545
8ZC5BFHF	cheetah	0.4828688603100028	3.2	0.0001	0.08759651572191376
8ZC5BFHF	dolphin	0.391128147022534	3.67	0.1667	-0.026225021456940074
8ZC5BFHF	fish	0.4311727040943058	4.9	0.1667	0.15136661955890157
8ZC5BFHF	shark	0.5343008496832359	4.1	0.0001	0.2665026626516063
8ZC5BFHF	lizard	0.3179946889757125	3.63	0.0001	0.01802837638759798
8ZC5BFHF	horse	0.3616976211333957	4.76	0.0001	0.028008487306603998
8ZC5BFHF	cow	0.5537185512529321	4.14	0.0001	0.10848761147953355
8ZC5BFHF	pig	0.5070622080559183	4.14	0.0001	0.19315335819027382
8ZC5BFHF	chicken	0.4295279429259016	4.63	0.2	0.11894717797617266
8ZC5BFHF	turkey	0.4817422089008787	4.56	0.2	0.2077114346266852
8ZC5BFHF	donkey	0.3206588037365938	3.62	0.4	-0.0030761801467296818
8ZC5BFHF	mule	0.5233868072309256	3.44	0.0001	0.06573982502499216
8ZC5BFHF	orca	0.256711959406366	2.93	0.0001	0.05551005318211589
8ZC5BFHF	rabbit	0.1929837210195564	4.05	0.2	0.0031954174365691613
8ZC5BFHF	guinea pig	0.5843230077435313	3.8	0.0001	0.0001
8ZC5BFHF	hamster	0.6165143748468315	3.31	0.0001	0.0001
8ZC5BFHF	ferret	0.4955654191033265	3.01	0.1667	0.1635314912075101
8ZC5BFHF	mink	0.4218995486386631	3.15	0.0001	0.008264394679672686
8ZC5BFHF	moose	0.3463365752033918	3.61	0.25	0.035019457301811
8ZC5BFHF	deer	0.5255163623440284	4.12	0.0001	0.30553500645037746
8ZC5BFHF	hawk	0.2921707713558072	3.81	0.0001	0.04889177249419365
8ZC5BFHF	eagle	0.56949658413453	4.13	0.0001	0.14840037123333
97N7CQ49	elephant	0.0001	4.08	0.0001	0.0001
97N7CQ49	tiger	0.5129784205874345	4.3	0.0001	0.10507381134972932
97N7CQ49	kangaroo	0.3681590843082234	3.5	0.3333	0.06115294122361896
97N7CQ49	bunny	0.3807433466973393	3.88	0.0001	0.03712719779878105
97N7CQ49	possum	0.3217999439209174	2.94	0.0001	0.002669831584265159
97N7CQ49	echidna	0.4845388355614762	2.27	0.0001	0.007692804264357027
97N7CQ49	porcupine	0.5093395621009332	2.88	0.1111	-0.004906606852128325
97N7CQ49	rat	0.3739208056004771	4.17	0.1111	0.007019919927326869
97N7CQ49	turtle	0.4686683060302257	3.91	0.2	0.14569755112922037
97N7CQ49	zebra	0.391319349194976	3.4	0.0001	-0.015123488282303536
97N7CQ49	lion	0.4470930196330995	4.25	0.0001	0.07119634499666891
97N7CQ49	bear	0.4909899626699804	4.71	0.0001	0.07655026890697784
97N7CQ49	horse	0.4262808803846909	4.76	0.25	0.05911606604472806
97N7CQ49	dog	0.5956302472299828	5.1	0.25	0.13408157106059915
97N7CQ49	cat	0.6237586776418724	4.78	0.0001	0.44213842343945314
97N7CQ49	lizard	0.3640193444250397	3.63	0.0001	0.0775179553381406
9KZ4Q91O	blue jay	0.0001	4.31	0.0001	0.0001
9KZ4Q91O	western meadowlark	0.258224081057306	2.07	0.0714	0.0001
9KZ4Q91O	eastern meadowlark	0.6416847836965409	2.07	0.8571	0.0001
9KZ4Q91O	downy woodpecker	0.2863008017683279	2.39	0.0769	0.0001
9KZ4Q91O	redheaded woodpecker	0.6975021975713618	2.22	0.5333	0.0001
9KZ4Q91O	bullfrog	0.3434595881625586	2.34	0.0667	0.0001
9KZ4Q91O	yellow warbler	0.31248943880065	2.76	0.2	0.0001
9O2ABUMY	monkey	0.0001	4.07	0.0001	0.0001
9O2ABUMY	sea lion	0.3571138957119701	4.19	0.0001	0.0001
9O2ABUMY	antelope	0.403111879003876	3.08	0.0001	0.0001
9O2ABUMY	ant	0.4232280271460767	3.86	0.4286	0.0
9O2ABUMY	cat	0.3608198431717536	4.78	0.3333	-0.01735188896342003
9O2ABUMY	dog	0.6237586776418724	5.1	0.0001	0.11635310675851022
9O2ABUMY	elephant	0.3763252486821926	4.08	0.0001	0.04081450956116636
9O2ABUMY	horse	0.4767429862081365	4.76	0.0001	0.08914303003210515
9O2ABUMY	mule	0.4953247902892981	3.44	0.0001	0.044618930365097356
9O2ABUMY	rabbit	0.3360066937942536	4.05	0.0001	-0.00463200864831945
9O2ABUMY	fox	0.3607094000157933	4.66	0.0001	0.01570201133173974
9O2ABUMY	bull	0.2907941073639977	4.34	0.0001	-0.0077967476251892135
9O2ABUMY	gecko	0.2285668705639363	2.91	0.0001	0.01593902615310563
9O2ABUMY	chameleon	0.474414517907874	3.1	0.125	0.006137631690984557
9O2ABUMY	snake	0.4040005663269742	4.23	0.0001	-0.006415562087015459
A5YUTA1F	ant	0.0001	3.86	0.0001	0.0001
A5YUTA1F	goat	0.3504297429291767	4.02	0.3333	0.047333069522520456
A5YUTA1F	cow	0.4462952932725463	4.14	0.0001	0.1541452423826037
A5YUTA1F	pig	0.5070622080559183	4.14	0.0001	0.4268405022746876
A5YUTA1F	elephant	0.4334614006017365	4.08	0.0001	0.08657838981435126
A5YUTA1F	salmon	0.2797604600105043	4.01	0.2857	0.1170713523699283
A5YUTA1F	trout	0.5937129381197094	3.78	0.0001	0.13540736319025237
A5YUTA1F	tiger	0.3028791336597242	4.3	0.25	0.06317921158084808
A5YUTA1F	lion	0.5287590434181855	4.25	0.25	0.35223676093979783
A5YUTA1F	panther	0.5202884056602123	3.65	0.0001	0.07225239843802543
A5YUTA1F	skunk	0.546333134385424	3.1	0.0001	0.0027835774572198533
A5YUTA1F	hippo	0.3032356325029993	3.13	0.0001	-0.04368920942711748
A5YUTA1F	stork	0.185560861177593	2.88	0.0001	0.024180973640047863
A5YUTA1F	seagull	0.3261875605095443	3.02	0.2	0.015662603740727275
A5YUTA1F	pigeon	0.5415583782449441	3.61	0.0001	0.021136213232769797
A5YUTA1F	boar	0.3599278431760883	3.3	0.0001	0.010783061878281028
A5YUTA1F	elk	0.4667429832721841	3.49	0.0001	0.06625887859501002
A5YUTA1F	reindeer	0.5373510212392268	3.32	0.0001	0.18354148250379818
A5YUTA1F	dog	0.2476315082728193	5.1	0.1667	0.09638254741587861
A5YUTA1F	wolf	0.5260397568842751	4.35	0.0001	0.33433941007383006
A5YUTA1F	possum	0.3192580546174351	2.94	0.0001	0.06848372017237757
A5YUTA1F	giraffe	0.3174199839135139	3.32	0.0001	0.008146271919358287
A5YUTA1F	badger	0.3732677905334606	3.48	0.0001	0.0280303012058388
A5YUTA1F	raccoon	0.4865650102756682	3.27	0.0001	0.039078077346535296
AJVNZ9CE	cat	0.0001	4.78	0.0001	0.0001
AJVNZ9CE	dog	0.6237586776418724	5.1	0.0001	0.15365266293475724
AJVNZ9CE	mouse	0.4964047294803164	4.31	0.0001	0.006024415248008461
AJVNZ9CE	rat	0.6046930033878715	4.17	0.0001	0.02565194594135023
AJVNZ9CE	giraffe	0.2581972850839198	3.32	0.25	0.046060014461648646
AJVNZ9CE	hamster	0.3679081438736333	3.31	0.0001	-0.08727848204062287
AJVNZ9CE	human	0.3283719188644705	5.35	0.1667	0.03999320782929209
AJVNZ9CE	gerbil	0.2426346820531131	2.44	0.0001	0.06814560883504196
AJVNZ9CE	horse	0.4202600896106652	4.76	0.0001	-0.01690433333697016
AJVNZ9CE	pony	0.6593121731495007	3.81	0.0001	0.012503521939304221
AJVNZ9CE	panda	0.2261627033653284	3.65	0.4	-0.03229831142048478
AJVNZ9CE	black bear	0.4182019727364248	4.64	0.1429	0.0001
AJVNZ9CE	polar bear	0.7010414836508878	3.89	0.4286	0.0001
AJVNZ9CE	grizzly bear	0.6921728796326783	3.26	0.4444	0.0001
AJVNZ9CE	bird	0.235185746233426	4.63	0.1111	0.0001
AJVNZ9CE	parrot	0.5972170069185448	3.49	0.0001	-0.023348273590810244
AJVNZ9CE	moose	0.2245982704502649	3.61	0.0001	-0.0018192068119567775
AJVNZ9CE	deer	0.5255163623440284	4.12	0.0001	0.015567545271818356
AJVNZ9CE	raccoon	0.3550541919020076	3.27	0.0001	-0.010558300398464775
AJVNZ9CE	monkey	0.361079321366256	4.07	0.0001	0.007039509648930425
AJVNZ9CE	sea monkey	0.7275307030639724	4.03	0.2857	0.0001
AJVNZ9CE	snake	0.3538238823112879	4.23	0.2857	0.0001
AWO2EA8Q	dog	0.0001	5.1	0.0001	0.0001
AWO2EA8Q	cat	0.6237586776418724	4.78	0.0001	0.3479966260741433
AWO2EA8Q	bunny	0.4618149996650273	3.88	0.0001	0.06964874168644625
AWO2EA8Q	pig	0.4168696186090279	4.14	0.0001	0.04789006899878409
AWO2EA8Q	lamb	0.4156332869790345	4.02	0.0001	0.021787282271708553
AWO2EA8Q	dinosaur	0.3588187809337788	3.77	0.0001	0.009321308864799554
AWO2EA8Q	goat	0.3557629218041004	4.02	0.0001	0.04804735770469036
AWO2EA8Q	snake	0.4147658560897027	4.23	0.0001	0.0011726922619983062
AWO2EA8Q	horse	0.4560316291000018	4.76	0.0001	-0.000798367912433057
AWO2EA8Q	cow	0.5537185512529321	4.14	0.0001	0.005249712783026666
AWO2EA8Q	donkey	0.4798881665975234	3.62	0.2	0.0448428800591702
AWO2EA8Q	axolotl	0.2904142073027477	2.02	0.0001	-0.027798137425972067
AWO2EA8Q	giraffe	0.3228643639675883	3.32	0.0001	-0.010602643901420636
AWO2EA8Q	lion	0.4095623512921928	4.25	0.0001	0.028155740150782285
AWO2EA8Q	tiger	0.5287590434181855	4.3	0.25	0.32409220757335383
AWO2EA8Q	cheetah	0.4710965836328509	3.2	0.0001	0.05849136048381372
AWO2EA8Q	leopard	0.6901226907763703	3.59	0.0001	-0.030881354986857425
AWO2EA8Q	zebra	0.554449968317689	3.4	0.0001	0.009409340246126167
AWO2EA8Q	hippo	0.443146243456614	3.13	0.0001	0.03593328838626781
AWO2EA8Q	wildebeest	0.554141710983758	2.52	0.0001	0.0
AWO2EA8Q	meerkat	0.6022395742739659	2.49	0.1818	0.0
AWO2EA8Q	elephant	0.4189149515632998	4.08	0.1429	0.09128075850992484
B3MZX5TF	cheetah	0.0001	3.2	0.0001	0.0001
B3MZX5TF	lion	0.4762776968906765	4.25	0.0001	0.028949268775430057
B3MZX5TF	tiger	0.5287590434181855	4.3	0.25	0.3203658376305882
B3MZX5TF	seal	0.2653400759848352	4.3	0.0001	0.0322999064574462
B3MZX5TF	sheep	0.2365550836535613	4.19	0.3333	0.010996080539933227
B3MZX5TF	cow	0.4888310248532248	4.14	0.0001	0.2659055118544741
B3MZX5TF	cat	0.4396570106857174	4.78	0.3333	0.1005312923588452
B3MZX5TF	dog	0.6237586776418724	5.1	0.0001	0.5875365579763127
B3MZX5TF	pig	0.4517392663990121	4.14	0.3333	0.10630856117461351
B3MZX5TF	horse	0.4668289018950373	4.76	0.0001	0.17516062159233078
B3MZX5TF	horse	1.0	4.76	1.0	0.0
B3MZX5TF	snake	0.4560316291000018	4.23	0.0001	0.05044247247687065
B3MZX5TF	ox	0.3509108024977384	3.47	0.0001	0.018544154067696446
B3MZX5TF	leopard	0.2333039891667123	3.59	0.0001	0.007734559376725376
B3MZX5TF	goat	0.2391681888069757	4.02	0.0001	0.03317630641374683
BF3MN8ZR	cow	0.0001	4.14	0.0001	0.0001
BF3MN8ZR	rabbit	0.3942212268545257	4.05	0.0001	-0.05053484466144113
BF3MN8ZR	horse	0.581052646905169	4.76	0.0001	-0.06729793514871511
BF3MN8ZR	fish	0.4863240253308862	4.9	0.0001	0.05541865236868805
BF3MN8ZR	zebra	0.3617482756427463	3.4	0.0001	-0.01258055774385329
BF3MN8ZR	elephant	0.3986454433345328	4.08	0.1429	-0.0018547951332335538
BF3MN8ZR	lemur	0.3904720845111928	2.57	0.1429	0.029088914714950558
BF3MN8ZR	monkey	0.4959759579529137	4.07	0.0001	0.008797056525740681
BF3MN8ZR	snake	0.3876097773306761	4.23	0.2	-0.009847963429165848
BF3MN8ZR	squid	0.3013462359539386	3.44	0.2	0.006952826040091798
BF3MN8ZR	dog	0.2369969488132254	5.1	0.0001	0.005072283069789581
BF3MN8ZR	gerbil	0.4291829190224331	2.44	0.0001	-0.010255829028178466
BF3MN8ZR	bird	0.3524130892920698	4.63	0.1667	0.02542923031695488
BF3MN8ZR	worm	0.2888374409130065	3.77	0.3333	0.057660979489385235
BF3MN8ZR	anteater	0.3452950995599451	2.28	0.0001	0.0
BF3MN8ZR	aardvark	0.6607393932028556	2.39	0.0001	0.0
BF3MN8ZR	giraffe	0.4515792313778739	3.32	0.0001	-0.004980050984115542
BF3MN8ZR	lion	0.4095623512921928	4.25	0.0001	-0.021012632976623983
BWQ1ZSYD	dog	0.0001	5.1	0.0001	0.0001
BWQ1ZSYD	panda	0.3470964352229595	3.65	0.0001	0.17602411268167398
BWQ1ZSYD	shark	0.3926849324036288	4.1	0.0001	-0.010120966935731444
BWQ1ZSYD	cat	0.3953641227492304	4.78	0.0001	0.008158194897223576
BWQ1ZSYD	tiger	0.4726230772931846	4.3	0.0001	0.20718690460196013
BWQ1ZSYD	horse	0.3993194070878425	4.76	0.0001	0.24959179201352608
BWQ1ZSYD	cheetah	0.3667195670394634	3.2	0.0001	-0.00044693813681783237
BWQ1ZSYD	puma	0.5569791391546947	3.22	0.25	0.018116277741410017
BWQ1ZSYD	lion	0.5083716218479423	4.25	0.0001	0.004862345862131051
BWQ1ZSYD	wolf	0.4539942796211922	4.35	0.0001	0.19959194847725076
BWQ1ZSYD	bear	0.4587073486700028	4.71	0.0001	0.03353679604954915
BWQ1ZSYD	penguin	0.3514418275865132	3.78	0.1429	0.058350288610135685
BWQ1ZSYD	seal	0.3841707083290089	4.3	0.0001	-0.013339196591290405
BWQ1ZSYD	monkey	0.2449423100596869	4.07	0.0001	-0.0020486595790403504
BWQ1ZSYD	elephant	0.4228280699762343	4.08	0.0001	0.11733758210228953
CI6QQA2Y	giraffe	0.0001	3.32	0.0001	0.0001
CI6QQA2Y	cow	0.3609077493310952	4.14	0.0001	-0.04238446654792837
CI6QQA2Y	cat	0.4396570106857174	4.78	0.3333	0.038207488331129934
CI6QQA2Y	dog	0.6237586776418724	5.1	0.0001	0.400015444719874
CI6QQA2Y	turtle	0.4123171451797449	3.91	0.0001	0.030375377525943777
CI6QQA2Y	frog	0.5018993791623642	3.89	0.0001	0.039188877306696644
CI6QQA2Y	snake	0.4505387073234619	4.23	0.0001	0.03692033694529076
CI6QQA2Y	moose	0.4175613773757974	3.61	0.0001	0.007955405830834872
CI6QQA2Y	horse	0.4242699751837078	4.76	0.25	0.04718418706282799
CI6QQA2Y	pig	0.4668289018950373	4.14	0.0001	0.12212956059547513
CI6QQA2Y	tiger	0.3939748216223326	4.3	0.25	0.0850631553617966
CI6QQA2Y	lion	0.5287590434181855	4.25	0.25	0.3288424683239719
CI6QQA2Y	bear	0.4909899626699804	4.71	0.0001	0.07472769896360838
CI6QQA2Y	polar bear	0.7556167232897337	3.89	0.4286	0.0001
CI6QQA2Y	hog	0.2507121067727019	3.57	0.0001	0.0001
CI6QQA2Y	tortoise	0.284666080709347	3.26	0.0001	-0.013002116643912482
CI6QQA2Y	goat	0.1652420808011709	4.02	0.1667	0.059150325022719885
CI6QQA2Y	hen	0.3082888272250688	3.56	0.0001	0.04909397603681623
CI6QQA2Y	rooster	0.680004303664276	3.31	0.0001	0.46083816652897414
CI6QQA2Y	gerbil	0.2117868011334793	2.44	0.0001	0.07050665121826223
DUBYYHYX	bird	0.0001	4.63	0.0001	0.0001
DUBYYHYX	cat	0.5016037867066757	4.78	0.0001	0.0996896451076048
DUBYYHYX	dogs	0.4858284178877863	4.77	0.0001	0.4075517031702804
DUBYYHYX	lizard	0.3431456408421565	3.63	0.0001	0.031550860822728566
DUBYYHYX	snake	0.4689230476663202	4.23	0.0001	0.04940866519900078
DUBYYHYX	whale	0.3001480868843607	3.98	0.25	0.06227892535073264
DUBYYHYX	stingray	0.3836324988422841	2.93	0.0001	0.025986577305854096
DUBYYHYX	crab	0.3226809979610703	3.76	0.0001	0.043697417737558635
DUBYYHYX	lobster	0.6546572033695247	3.65	0.0001	0.26901837535360623
DUBYYHYX	squirrel	0.2977409533220579	3.69	0.0001	0.13384222599281442
DUBYYHYX	chipmunk	0.626327545622425	2.74	0.0001	0.08303008453230298
DUBYYHYX	hamster	0.477016880391949	3.31	0.1429	0.0348294811134815
DUBYYHYX	guinea pig	0.6165143748468315	3.8	0.0001	0.0001
DUBYYHYX	shark	0.3398786669388907	4.1	0.0001	0.0001
DUBYYHYX	butterflies	0.2650924456154951	3.69	0.0001	0.013438224952741053
DUBYYHYX	bee	0.3981074410098446	4.09	0.125	0.13388551461303078
DUBYYHYX	spider	0.3620823812112436	4.25	0.0001	0.09179859061662665
DUBYYHYX	squid	0.3240422916491838	3.44	0.2	0.07048771689235808
DUBYYHYX	jellyfish	0.5416771480153887	3.25	0.0001	0.03837541936990514
EA8GWQDV	pig	0.0001	4.14	0.0001	0.0001
EA8GWQDV	horse	0.4668289018950373	4.76	0.0001	0.012090142377456137
EA8GWQDV	donkey	0.5119833360195963	3.62	0.0001	0.015801742361212533
EA8GWQDV	cow	0.4798881665975234	4.14	0.2	-0.017191923346707685
EA8GWQDV	sheep	0.4888310248532248	4.19	0.0001	-0.000423948080563653
EA8GWQDV	dog	0.3712644760274657	5.1	0.0001	0.07731468742106604
EA8GWQDV	cat	0.6237586776418724	4.78	0.0001	0.12111975128254494
EA8GWQDV	fish	0.4610633754267154	4.9	0.0001	0.042014464864342065
EA8GWQDV	turtle	0.4278678007663548	3.91	0.0001	-0.024686043573592588
EA8GWQDV	tortoise	0.7197379445443319	3.26	0.5	0.024696690552569255
EA8GWQDV	fish	0.2837312174182171	4.9	0.0001	-0.010213453232178071
EA8GWQDV	shark	0.5343008496832359	4.1	0.0001	-0.011437508251004681
EA8GWQDV	orca	0.4649851580253468	2.93	0.25	-0.004493902611779526
EA8GWQDV	whale	0.6371574245672782	3.98	0.0001	-0.006446339031693679
EA8GWQDV	whale	1.0	3.98	1.0	0.0
EA8GWQDV	seagull	0.3953044370175669	3.02	0.2	-0.004415179244011538
EA8GWQDV	owl	0.4409610716580301	3.87	0.2	-0.02310614418606512
EA8GWQDV	crow	0.449001417764408	3.8	0.0001	0.004285174239942588
EA8GWQDV	fly	0.3038397887346197	4.75	0.0001	0.008646942280833328
EA8GWQDV	bumblebee	0.2788374921091388	2.92	0.125	-0.005195082717645185
EA8GWQDV	squirrel	0.3995276622060488	3.69	0.25	0.047869578557982004
EA8GWQDV	rabbit	0.4419678639371874	4.05	0.1667	0.00481029544661489
EA8GWQDV	hedgehog	0.499422841932261	3.25	0.0001	-0.011996477710969188
EA8GWQDV	hedgehog	0.9999999999999998	3.25	1.0	0.0
EA8GWQDV	chipmunk	0.4500538916805079	2.74	0.0001	-0.004999992848978177
EA8GWQDV	ant	0.4295975692788725	3.86	0.0001	-0.008784832498162524
ESNMRF10	hyrax	0.0001	1.56	0.0001	0.0001
ESNMRF10	elephant	0.2187979762048464	4.08	0.0001	0.0
ESNMRF10	t rex	0.3283610939114418	3.88	0.0001	0.0001
ESNMRF10	iguana	0.3338872132663808	2.74	0.0001	0.0001
ESNMRF10	stegosaurus	0.4473465542823758	2.12	0.2	0.00893384608002503
ESNMRF10	cheetah	0.3860301441203094	3.2	0.1	-0.0038787825853231223
ESNMRF10	hyena	0.484181500788567	2.8	0.4	0.021163606961352565
ESNMRF10	zebra	0.402346980911116	3.4	0.2	-0.03935764691743575
ESNMRF10	okapi	0.4681519068446212	1.85	0.0001	0.0
ESNMRF10	tiger	0.3807401768912689	4.3	0.0001	0.0
ESNMRF10	crocodile	0.4515964023114793	3.49	0.0001	0.07360059343964975
ESNMRF10	dog	0.3888036233418348	5.1	0.125	0.04609898825304061
ESNMRF10	cat	0.6237586776418724	4.78	0.0001	0.398014116636545
ESNMRF10	horse	0.541054220222016	4.76	0.0001	0.010022900063853462
ESNMRF10	donkey	0.5119833360195963	3.62	0.0001	0.03232233586719181
ESNMRF10	mule	0.5233868072309256	3.44	0.0001	0.014604829577812114
ESNMRF10	duck	0.2389383948972738	4.21	0.0001	0.0125065196107043
ESNMRF10	chicken	0.4831644117495094	4.63	0.2	0.10638358611418341
ESNMRF10	bird	0.5380033785601342	4.63	0.0001	0.06242886955557795
FDULT82W	cat	0.0001	4.78	0.0001	0.0001
FDULT82W	dog	0.6237586776418724	5.1	0.0001	0.5812482118981823
FDULT82W	pig	0.4517392663990121	4.14	0.3333	0.12138008392446935
FDULT82W	rat	0.5103818351921672	4.17	0.0001	0.06363785747346197
FDULT82W	cow	0.3986434217457337	4.14	0.0001	0.002251067677028963
FDULT82W	deer	0.4250415959073765	4.12	0.0001	0.06551980138479917
FDULT82W	bear	0.4216487799750541	4.71	0.3333	0.0963282286101033
FDULT82W	squirrel	0.3344377005604351	3.69	0.0001	0.03459917427256209
FDULT82W	lizard	0.3916975773186285	3.63	0.0001	0.1075786509915403
FDULT82W	snake	0.4689230476663202	4.23	0.0001	0.12069900507404008
FDULT82W	rabbit	0.5071358378090258	4.05	0.0001	0.044754284508158125
FDULT82W	hare	0.5681414791045476	3.66	0.0001	0.02793364564187374
FDULT82W	groundhog	0.4311745699549543	2.9	0.125	0.001207438353459985
FDULT82W	alligator	0.2976233363650118	3.32	0.0001	-0.022274859757632385
FDULT82W	whale	0.3473078105905938	3.98	0.0001	0.037760817810796
FJYUEQN8	dog	0.0001	5.1	0.0001	0.0001
FJYUEQN8	cat	0.6237586776418724	4.78	0.0001	0.46297894738493583
FJYUEQN8	bird	0.5016037867066757	4.63	0.0001	-0.0032046975063718857
FJYUEQN8	lizard	0.386838106027633	3.63	0.2	-0.03695998006076196
FJYUEQN8	tiger	0.2714802049419376	4.3	0.2	0.045786271497026035
FJYUEQN8	lion	0.5287590434181855	4.25	0.25	0.2190145765876411
FJYUEQN8	hyena	0.4993925590236512	2.8	0.2	0.03958556096854737
FJYUEQN8	leopard	0.4675379609250306	3.59	0.0001	0.0586154814326294
FJYUEQN8	mule	0.2753365002794423	3.44	0.0001	0.026251826116914883
FJYUEQN8	horse	0.4953247902892981	4.76	0.0001	0.16518835686187136
FJYUEQN8	donkey	0.5119833360195963	3.62	0.0001	0.17443692211883952
FJYUEQN8	llama	0.4682936470537957	2.95	0.2	0.07421021714478741
FJYUEQN8	alpaca	0.7554728308075465	2.8	0.3333	0.1064384620016661
FJYUEQN8	eagle	0.3050737652576039	4.13	0.0001	-0.06182393475355016
FJYUEQN8	hawk	0.56949658413453	3.81	0.0001	0.0024334350796642807
FJYUEQN8	fish	0.2814420590301079	4.9	0.0001	0.027129264149819265
FJYUEQN8	whale	0.4884778216597922	3.98	0.0001	0.16156290185223193
FJYUEQN8	shark	0.4783327474667829	4.1	0.0001	0.11534689182781112
FJYUEQN8	dolphin	0.4062871613011956	3.67	0.1667	0.09571322208721941
FJYUEQN8	squirrel	0.217212837028794	3.69	0.1667	0.0718919831963226
FJYUEQN8	chipmunk	0.626327545622425	2.74	0.0001	0.02191794799848136
FJYUEQN8	deer	0.3885730743080621	4.12	0.1429	0.04178112407776704
FJYUEQN8	bunny	0.3725998681246243	3.88	0.0001	0.04238937467553735
FJYUEQN8	hare	0.527571168385016	3.66	0.0001	0.03665189367789576
FJYUEQN8	hedgehog	0.3992799205054697	3.25	0.3333	-0.002839775898747108
FJYUEQN8	mole	0.2325777954267133	3.67	0.0001	0.03888057918206747
FJYUEQN8	porcupine	0.3128549884591396	2.88	0.0001	0.033811288294488144
FJYUEQN8	rat	0.3739208056004771	4.17	0.1111	0.14630162143298844
FJYUEQN8	mouse	0.6046930033878715	4.31	0.0001	0.0516209266764549
FYE2JV3H	panda	0.0001	3.65	0.0001	0.0001
FYE2JV3H	rabbit	0.3375162154097411	4.05	0.2	0.009104550078802991
FYE2JV3H	guinea pig	0.5843230077435313	3.8	0.0001	0.0001
FYE2JV3H	hamster	0.6165143748468315	3.31	0.0001	0.0001
FYE2JV3H	gerbils	0.5561024040875366	2.23	0.0001	0.022118431107658012
FYE2JV3H	raccoon	0.2839872831266685	3.27	0.0001	0.06192241092300468
FYE2JV3H	aye aye	0.0803442288184119	3.59	0.0001	0.0001
FYE2JV3H	isopod	0.0021118651179984	1.78	0.0001	0.0001
FYE2JV3H	octopus	0.4441410857849923	3.46	0.0001	0.0001
FYE2JV3H	great white shark	0.4081523219805799	4.08	0.0909	0.0001
FYE2JV3H	thresher shark	0.8001011010090472	2.33	0.3636	0.0001
FYE2JV3H	leopard seal	0.311601571802079	3.51	0.1	0.0001
FYE2JV3H	harbor seal	0.5330753053029722	3.92	0.375	0.0001
FYE2JV3H	orca	0.3176682613314354	2.93	0.125	0.0001
FYE2JV3H	dolphin	0.5391633271389966	3.67	0.1667	0.10924569957090939
FYE2JV3H	cat	0.318907658486542	4.78	0.0001	0.07812254310595604
FYE2JV3H	dog	0.6237586776418724	5.1	0.0001	0.5032958093641124
FYE2JV3H	wolf	0.5260397568842751	4.35	0.0001	0.17624021877183252
FYE2JV3H	leopard	0.4074033405244111	3.59	0.0001	0.094459240218726
G8B6AJJV	cat	0.0001	4.78	0.0001	0.0001
G8B6AJJV	dog	0.6237586776418724	5.1	0.0001	0.23586125625698764
G8B6AJJV	raccoon	0.2977544134631557	3.27	0.0001	0.07342042565393773
G8B6AJJV	squirrel	0.458479157755561	3.69	0.0001	0.07833112119506756
G8B6AJJV	polar bear	0.3786765071322862	3.89	0.0001	0.0001
G8B6AJJV	aardvark	0.368718865494788	2.39	0.0001	0.0001
G8B6AJJV	shark	0.3538030697233125	4.1	0.2857	0.015993197512597774
G8B6AJJV	dolphin	0.4062871613011956	3.67	0.1667	0.010997309720676005
G8B6AJJV	goldfish	0.3148031650438552	3.28	0.2857	0.030271929680302574
G8B6AJJV	snake	0.3891573979797653	4.23	0.0001	0.02927363310897689
G8B6AJJV	rat	0.5229016968033144	4.17	0.0001	0.05908542335665673
G8B6AJJV	mouse	0.6046930033878715	4.31	0.0001	0.14674170700249822
G8B6AJJV	shrew	0.436677484903234	2.75	0.0001	0.013682506422513488
G8B6AJJV	giraffe	0.4116532178803775	3.32	0.0001	0.002111965169787625
G8B6AJJV	lion	0.4095623512921928	4.25	0.0001	0.05113709408599474
G8B6AJJV	tiger	0.5287590434181855	4.3	0.25	0.10236385768068905
G8B6AJJV	polar bear	0.4586816933814173	3.89	0.1429	0.0001
G8B6AJJV	black bear	0.7010414836508878	4.64	0.4286	0.0001
G8B6AJJV	leopard	0.3848788635778208	3.59	0.1429	0.0001
G8B6AJJV	elephant	0.435743206117581	4.08	0.1429	0.03913940873221783
G8B6AJJV	hippo	0.5452487954133951	3.13	0.0001	0.03395645009098083
GNLFFB4P	zebra	0.0001	3.4	0.0001	0.0001
GNLFFB4P	dolphin	0.2777004798845732	3.67	0.1667	0.010984729523750075
GNLFFB4P	shark	0.4062871613011956	4.1	0.1667	0.023278344312786897
GNLFFB4P	snail	0.4092675066647426	3.67	0.0001	0.015291648044961763
GNLFFB4P	worm	0.3578105753841606	3.77	0.0001	-0.0025037413004453135
GNLFFB4P	worm	1.0	3.77	1.0	0.0
GNLFFB4P	starfish	0.3473492716917705	3.0	0.0001	0.01769127921507856
GNLFFB4P	snake	0.3534400449924563	4.23	0.1429	0.009865429755933387
GNLFFB4P	horse	0.4560316291000018	4.76	0.0001	-0.014645493739473572
GNLFFB4P	dog	0.5956302472299828	5.1	0.25	0.029903479872708978
GNLFFB4P	cat	0.6237586776418724	4.78	0.0001	0.07510821487684657
GNLFFB4P	jaguar	0.3677737212011185	3.51	0.1667	0.012135347786319188
GNLFFB4P	cardinal	0.3035945418793107	3.9	0.0001	0.03066110789428146
GNLFFB4P	jellyfish	0.191371319429134	3.25	0.0001	0.010023122326342563
GNLFFB4P	caterpillar	0.2761825239028561	3.38	0.125	-0.05170413688761361
GNLFFB4P	lemur	0.3831060060315175	2.57	0.125	0.0
GNLFFB4P	leopard	0.3544801087553419	3.59	0.4	0.0
GNLFFB4P	crab	0.1959933233637576	3.76	0.0001	0.01045019866247822
GNLFFB4P	lobster	0.6546572033695247	3.65	0.0001	0.07536082993793347
GNLFFB4P	salmon	0.4685835199012562	4.01	0.0001	0.10866771092587635
H6D2C4VR	rabbit	0.0001	4.05	0.0001	0.0001
H6D2C4VR	squirrel	0.4419678639371874	3.69	0.1667	0.05437344362920703
H6D2C4VR	chipmunk	0.626327545622425	2.74	0.0001	0.09389216904586895
H6D2C4VR	zebra	0.4138934415414426	3.4	0.0001	0.01321742944093395
H6D2C4VR	horse	0.419710860823885	4.76	0.2	0.16591413643344957
H6D2C4VR	cattle	0.4890145863804468	4.15	0.0001	0.029923811321003208
H6D2C4VR	mouse	0.3221273587236374	4.31	0.0001	0.027974841687888184
H6D2C4VR	dog	0.4964047294803164	5.1	0.0001	0.04241592840681423
H6D2C4VR	cat	0.6237586776418724	4.78	0.0001	0.5793072930853563
H6D2C4VR	hamster	0.4773470313119325	3.31	0.3333	0.1655726495408501
H6D2C4VR	groundhog	0.2019281072877762	2.9	0.0001	0.0082197910884569
H6D2C4VR	pig	0.3017758095524074	4.14	0.125	-0.03754767998954215
H6D2C4VR	chicken	0.4295279429259016	4.63	0.2	0.043811674207102615
H6D2C4VR	duck	0.4831644117495094	4.21	0.2	0.23340341186510039
H6D2C4VR	turkey	0.3071827090510775	4.56	0.25	0.28657630103088133
H6D2C4VR	lion	0.2478288011303026	4.25	0.0001	0.034565008104106586
H6D2C4VR	tiger	0.5287590434181855	4.3	0.25	0.06024548715079085
H6D2C4VR	cheetah	0.4710965836328509	3.2	0.0001	-0.0010842322001997516
H6D2C4VR	jaguar	0.4872972875584196	3.51	0.0001	0.027897248702649164
H6D2C4VR	pigeon	0.3327230168587352	3.61	0.0001	-0.012266921399796727
H6D2C4VR	velociraptor	0.3576051044245603	2.33	0.0909	-0.006876651317776495
H6D2C4VR	tyrannosaurus	0.7474218229605946	2.59	0.0909	0.03700139214931972
H6D2C4VR	human	0.2214271941668306	5.35	0.0909	-0.009463368411106017
H6D2C4VR	gorilla	0.3603036378272396	3.62	0.1667	0.03937922936693416
H6D2C4VR	komodo dragon	0.287926063330019	2.63	0.0833	0.0001
H6D2C4VR	lizard	0.6180510797523765	3.63	0.0833	0.0001
H6D2C4VR	snake	0.4689230476663202	4.23	0.0001	-0.012469642548599216
H6D2C4VR	frog	0.4505387073234619	3.89	0.0001	0.03156155875232922
H6D2C4VR	ant	0.3223651550787274	3.86	0.0001	-0.018343515509341313
HCBTBYHS	giraffe	0.0001	3.32	0.0001	0.0001
HCBTBYHS	dog	0.3077848113507482	5.1	0.0001	0.04507617460815751
HCBTBYHS	cat	0.6237586776418724	4.78	0.0001	0.5962933898574375
HCBTBYHS	lion	0.4466598206998501	4.25	0.0001	0.11650883144064887
HCBTBYHS	leopard	0.5666639620635257	3.59	0.2	0.2690297114630594
HCBTBYHS	rhino	0.3678588402804688	3.57	0.0001	0.07302913942223614
HCBTBYHS	platypus	0.389004972195297	2.69	0.0001	-0.0035909587678042993
HCBTBYHS	deer	0.2937218633042149	4.12	0.0001	0.018910597818539435
HCBTBYHS	rabbit	0.4644780575169953	4.05	0.0001	0.07791282555808858
HCBTBYHS	squirrel	0.4419678639371874	3.69	0.1667	0.06861968986463711
HCBTBYHS	fox	0.3430968170441206	4.66	0.0001	0.018367625070327673
HCBTBYHS	coyote	0.4381869922896049	3.36	0.0001	0.0434838983163047
HCBTBYHS	turtle	0.3611147667688549	3.91	0.0001	0.002375752620745246
HCBTBYHS	iguana	0.4293811113486243	2.74	0.0001	0.10772093938040168
HCBTBYHS	guinea pig	0.3826719978640911	3.8	0.0001	0.0001
HCBTBYHS	gerbil	0.5606300473020106	2.44	0.1	0.0001
HCBTBYHS	hamster	0.6225326675295295	3.31	0.0001	0.1630414892762953
HCBTBYHS	elephant	0.3087571221740401	4.08	0.0001	0.0422316569958096
HCBTBYHS	polar bear	0.4171908220413127	3.89	0.0001	0.0001
HCBTBYHS	mountain lion	0.410174996672536	4.13	0.0909	0.0001
HCBTBYHS	bobcat	0.4924209779235501	2.8	0.0001	0.0001
HCBTBYHS	crab	0.208362975200138	3.76	0.0001	0.01926943382637479
HCBTBYHS	rooster	0.3107155414950995	3.31	0.0001	-0.0032838184234690424
HCBTBYHS	pig	0.3915588685100939	4.14	0.0001	0.046542387842806975
HCBTBYHS	cow	0.5070622080559183	4.14	0.0001	0.6249282333424748
HCBTBYHS	horse	0.5537185512529321	4.76	0.0001	0.08576883666564426
HZP27937	cow	0.0001	4.14	0.0001	0.0001
HZP27937	giraffe	0.3609077493310952	3.32	0.0001	0.0619521080719386
HZP27937	dog	0.3077848113507482	5.1	0.0001	0.028500269656621918
HZP27937	cat	0.6237586776418724	4.78	0.0001	0.44831310985728695
HZP27937	fish	0.4610633754267154	4.9	0.0001	0.08763905142679435
HZP27937	flamingo	0.2263264827910732	3.06	0.25	0.028483851380961486
HZP27937	bear	0.2456390503538716	4.71	0.0001	-0.014487128655431513
HZP27937	bird	0.2950436603676545	4.63	0.3333	0.017303695392373246
HZP27937	pigeon	0.6136986324463339	3.61	0.0001	0.13012953451649628
HZP27937	eagle	0.4185361791559862	4.13	0.2	0.0005187554283358606
HZP27937	rat	0.4282024926837178	4.17	0.0001	0.0434937369688266
HZP27937	fox	0.419973423611894	4.66	0.0001	0.005176868874793402
HZP27937	rabbit	0.3607094000157933	4.05	0.0001	0.01954239020140904
HZP27937	roach	0.2352219586589865	3.44	0.2	-0.03610458548331119
HZP27937	groundhog	0.193282309391944	2.9	0.125	0.007917425684308085
HZP27937	pig	0.3017758095524074	4.14	0.125	0.030784124824035603
HZP27937	goat	0.4775987811688726	4.02	0.0001	0.18203153268085082
HZP27937	horse	0.499247947330243	4.76	0.0001	0.11072930571842575
HZP27937	chicken	0.4573599236926703	4.63	0.0001	0.04921455935391704
HZP27937	squirrel	0.3626423928311217	3.69	0.1667	0.029302448418313535
HZP27937	spider	0.3976891574182555	4.25	0.1667	0.061132129787471526
HZP27937	sheep	0.3488602317618261	4.19	0.0001	0.0161579683736437
IEOJ1IW3	lizard	0.0001	3.63	0.0001	0.0001
IEOJ1IW3	dolphin	0.2773556972519015	3.67	0.0001	0.03576630968071168
IEOJ1IW3	whale	0.460046398175249	3.98	0.1667	0.6301882170425862
IEOJ1IW3	shark	0.4783327474667829	4.1	0.0001	-0.003980881313660798
IEOJ1IW3	fish	0.5343008496832359	4.9	0.0001	0.042284969403401346
IEOJ1IW3	bird	0.4946106208867136	4.63	0.0001	0.0850711412801198
IEOJ1IW3	snake	0.393693254646463	4.23	0.0001	0.034265993200467415
IEOJ1IW3	cat	0.4411978121673301	4.78	0.0001	0.06192678574378492
IEOJ1IW3	dog	0.6237586776418724	5.1	0.0001	0.21356721209834395
IEOJ1IW3	rat	0.4958711760169388	4.17	0.0001	0.05414545118762032
IEOJ1IW3	mouse	0.6046930033878715	4.31	0.0001	0.037453522166398766
IEOJ1IW3	guinea pig	0.3785494634380733	3.8	0.0001	0.0001
IEOJ1IW3	hamster	0.6165143748468315	3.31	0.0001	0.0001
IEOJ1IW3	seal	0.1744158362517027	4.3	0.1667	0.01311660601877668
IEOJ1IW3	bat	0.3164249348055761	4.3	0.0001	-0.011481660196493356
IEOJ1IW3	owl	0.4424551440407105	3.87	0.0001	0.06442511391464013
IEOJ1IW3	chinchilla	0.3842589898130069	2.57	0.1429	-0.0038555526933060713
IEOJ1IW3	weasel	0.377973140020305	3.19	0.1429	-0.0012958988914913573
IEOJ1IW3	stoat	0.6240151280491002	2.04	0.1429	0.0
IN92PH3J	monkey	0.0001	4.07	0.0001	0.0001
IN92PH3J	cat	0.483239564089557	4.78	0.0001	0.07803092189864684
IN92PH3J	dog	0.6237586776418724	5.1	0.0001	0.38704010434253894
IN92PH3J	koala	0.307579199261317	3.04	0.0001	0.06782006013000325
IN92PH3J	chimpanzee	0.4248323596703509	2.96	0.0001	0.007664227115999658
IN92PH3J	whale	0.3409641676768709	3.98	0.0001	0.018029109446264818
IN92PH3J	dolphin	0.460046398175249	3.67	0.1667	0.1767610421889266
IN92PH3J	salmon	0.398594083481975	4.01	0.3333	0.06019451745701537
IN92PH3J	shrimp	0.4683866607232334	3.79	0.0001	-0.010006563669262891
IN92PH3J	prawn	0.7235484802536138	2.87	0.2	0.24286573517955234
IN92PH3J	chicken	0.3206853734518287	4.63	0.2	0.10218902601217303
IN92PH3J	turkey	0.4817422089008787	4.56	0.2	0.19568383255173988
IN92PH3J	cow	0.3406754435209198	4.14	0.25	0.033197882959011486
IN92PH3J	buffalo	0.4452767941328586	4.14	0.0001	0.011291575944859402
IN92PH3J	human	0.2703543279688882	5.35	0.0001	-0.02928620326467526
IN92PH3J	lizard	0.2729208538278759	3.63	0.0001	0.037512581870815985
IN92PH3J	bear	0.3182217634294193	4.71	0.0001	-0.010493822552523893
IN92PH3J	polar bear	0.7556167232897337	3.89	0.4286	0.0001
IN92PH3J	panda	0.4216284479945984	3.65	0.1429	0.0001
IN92PH3J	butterfly	0.2286735709851106	3.93	0.0001	-0.0016732295730370723
IN92PH3J	bat	0.4541844044432158	4.3	0.2857	0.047412465572364185
IRFHWRXF	bird	0.0001	4.63	0.0001	0.0001
IRFHWRXF	horse	0.467831410881805	4.76	0.0001	0.03405888165191783
IRFHWRXF	platypus	0.3073496164201754	2.69	0.125	0.005099347854192427
IRFHWRXF	kiwi	0.3004547724231355	3.33	0.0001	0.03746976933559221
IRFHWRXF	kangaroo	0.343053834424085	3.5	0.1667	0.0021532688091642225
IRFHWRXF	cat	0.3636358470604127	4.78	0.1667	0.023407237090050628
IRFHWRXF	dog	0.6237586776418724	5.1	0.0001	0.43997572363937365
IRFHWRXF	tiger	0.3767166959202204	4.3	0.25	0.059625655027757095
IRFHWRXF	puma	0.4863168437065712	3.22	0.0001	-0.012429330640255639
IRFHWRXF	elephant	0.3798307340521432	4.08	0.1429	0.015181079056340835
IRFHWRXF	giraffe	0.5317287512193349	3.32	0.1429	0.13448749415383204
IRFHWRXF	dolphin	0.3330575946727874	3.67	0.1667	0.038922506019995376
IRFHWRXF	fish	0.4311727040943058	4.9	0.1667	0.02309029321176315
IRFHWRXF	clownfish	0.5110230930369561	2.18	0.4286	0.012028746134112426
IRFHWRXF	crane	0.1982734584937783	3.92	0.2857	-0.01769050499769498
IRFHWRXF	whale	0.3972155563241986	3.98	0.25	0.0024052408212308766
IRFHWRXF	otter	0.3253623705306815	3.37	0.0001	0.025562191733502965
IRFHWRXF	sea lion	0.4577163957219727	4.19	0.0001	0.0001
IRFHWRXF	eagle	0.3296094535853813	4.13	0.3333	0.0001
IRFHWRXF	hawk	0.56949658413453	3.81	0.0001	-0.03745488847206943
IRFHWRXF	bug	0.2234724024395454	4.2	0.0001	0.00985184045155475
IRFHWRXF	ant	0.3308342858450261	3.86	0.0001	0.04872890156570664
IRFHWRXF	lion	0.3041421844968835	4.25	0.0001	-0.0008821690896251035
IRFHWRXF	donkey	0.4212405805151125	3.62	0.0001	0.09253726024374058
IRFHWRXF	cow	0.4798881665975234	4.14	0.2	0.008129950515415004
IRFHWRXF	pig	0.5070622080559183	4.14	0.0001	0.0282324966352897
IRFHWRXF	chicken	0.4295279429259016	4.63	0.2	0.02634403444928476
J8N7DCDH	german shepherd	0.0001	3.86	0.0001	0.0001
J8N7DCDH	golden retriever	0.5751188842308271	2.98	0.1538	0.0001
J8N7DCDH	koala	0.2025118845022077	3.04	0.0769	0.0001
J8N7DCDH	parrot	0.2454988096786408	3.49	0.0001	0.01854190770090423
J8N7DCDH	ferret	0.4222370738079817	3.01	0.8	0.01616455837760944
J8N7DCDH	cat	0.4004061963298109	4.78	0.2	0.043913010425944275
J8N7DCDH	bird	0.5016037867066757	4.63	0.0001	0.0568275184133025
J8N7DCDH	snake	0.393693254646463	4.23	0.0001	0.03201023064987178
J8N7DCDH	rat	0.5229016968033144	4.17	0.0001	0.030137023249865558
J8N7DCDH	mouse	0.6046930033878715	4.31	0.0001	0.0749879446134072
J8N7DCDH	fish	0.4238638872396312	4.9	0.0001	0.03183319148125943
J8N7DCDH	shark	0.5343008496832359	4.1	0.0001	0.042143322092764
J8N7DCDH	dolphin	0.4062871613011956	3.67	0.1667	0.028516707395566485
J8N7DCDH	tiger	0.3067860384586356	4.3	0.0001	-0.02671366246287382
J8N7DCDH	lion	0.5287590434181855	4.25	0.25	0.2694461934378117
J8N7DCDH	flamingo	0.3588417126365614	3.06	0.125	0.006595108802438819
J8N7DCDH	bear	0.2456390503538716	4.71	0.0001	0.0016514859376616728
JDVDZARM	cat	0.0001	4.78	0.0001	0.0001
JDVDZARM	dog	0.6237586776418724	5.1	0.0001	0.3167044572275135
JDVDZARM	chimp	0.3439033967672018	2.95	0.0001	0.0531247005121551
JDVDZARM	goldfish	0.2369907968871263	3.28	0.0001	0.011529755783298833
JDVDZARM	seal	0.2056916409906145	4.3	0.1429	0.021229976988142305
JDVDZARM	panda	0.2406422455131628	3.65	0.0001	0.05991170034100497
JDVDZARM	bear	0.4388555596061536	4.71	0.0001	0.3395760252511902
JDVDZARM	gecko	0.2385175227244255	2.91	0.25	0.0049334732735421966
JDVDZARM	horse	0.3681213042075655	4.76	0.0001	0.03332415458910404
JDVDZARM	zebra	0.419710860823885	3.4	0.2	-0.010996955139015479
JDVDZARM	frog	0.351699863167626	3.89	0.0001	0.008865822824265457
JDVDZARM	hamster	0.4020773845425923	3.31	0.0001	0.004232532299523248
JDVDZARM	mouse	0.4731070689487304	4.31	0.1667	0.00589590134334902
JDVDZARM	roach	0.3152915538281994	3.44	0.0001	0.02750223823122786
JDVDZARM	butterfly	0.2665436039269685	3.93	0.0001	-0.042636948706232206
JDVDZARM	squirrel	0.2704232801214974	3.69	0.1429	0.08603315527376307
JDVDZARM	polar bear	0.3786765071322862	3.89	0.0001	0.0001
JEW0DH9D	cat	0.0001	4.78	0.0001	0.0001
JEW0DH9D	dog	0.6237586776418724	5.1	0.0001	0.6003024736564978
JEW0DH9D	bird	0.4898540038326706	4.63	0.0001	0.16344271539943722
JEW0DH9D	whale	0.393615316923094	3.98	0.0001	0.04101612585729341
JEW0DH9D	dolphin	0.460046398175249	3.67	0.1667	0.48165734809726585
JEW0DH9D	crab	0.3489141519303862	3.76	0.0001	0.0057276239881869275
JEW0DH9D	pony	0.1711139663955957	3.81	0.0001	0.01728532516936505
JEW0DH9D	pig	0.4112329219829056	4.14	0.25	0.04011522283675855
JEW0DH9D	cow	0.5070622080559183	4.14	0.0001	0.3587014326593719
JEW0DH9D	rooster	0.4318014772380314	3.31	0.0001	0.04418828416147383
JEW0DH9D	great blue heron	0.2534930148416838	3.09	0.1667	0.0001
JEW0DH9D	bald eagle	0.3969172330597836	3.65	0.1667	0.0001
JEW0DH9D	red tailed hawk	0.4703671558436822	3.23	0.1	0.0001
JEW0DH9D	mourning dove	0.3062442396867499	3.38	0.1	0.0001
JEW0DH9D	bear	0.1861437347788598	4.71	0.1111	0.0001
JEW0DH9D	polar bear	0.7556167232897337	3.89	0.4286	0.0001
JEW0DH9D	bruin	0.3931163317270898	2.52	0.0001	0.0001
JEW0DH9D	peacock	0.1893180662403771	3.44	0.0001	0.0018743060682996514
JEW0DH9D	flying squirrel	0.3373370344172239	3.65	0.0909	0.0001
JIMIPV7S	dog	0.0001	5.1	0.0001	0.0001
JIMIPV7S	cat	0.6237586776418724	4.78	0.0001	0.15787396311960342
JIMIPV7S	tiger	0.4726230772931846	4.3	0.0001	0.03369583015209407
JIMIPV7S	lion	0.5287590434181855	4.25	0.25	0.11535086365807283
JIMIPV7S	coyote	0.4327540394948941	3.36	0.0001	0.021523888148572423
JIMIPV7S	wolf	0.5489451457701423	4.35	0.0001	-0.02999442685747396
JIMIPV7S	fox	0.5029350513284392	4.66	0.0001	0.08294068379885385
JIMIPV7S	squirrel	0.3430968170441206	3.69	0.0001	0.17514359145346906
JIMIPV7S	chipmunk	0.626327545622425	2.74	0.0001	0.014474843887295436
JIMIPV7S	hamster	0.477016880391949	3.31	0.1429	-0.043738287459322615
JIMIPV7S	guinea pig	0.6165143748468315	3.8	0.0001	0.0001
JIMIPV7S	ferret	0.5633644002690925	3.01	0.0001	0.0001
JIMIPV7S	weasel	0.5260294315205217	3.19	0.2	0.054342123898383374
JIMIPV7S	bald eagle	0.3228597739297731	3.65	0.375	0.0001
JIMIPV7S	hawk	0.4952144523880972	3.81	0.125	0.0001
JIMIPV7S	golden eagle	0.4575387492677771	4.02	0.0001	0.0001
JIMIPV7S	condor	0.4143528279194912	2.96	0.1	0.0001
JIMIPV7S	osprey	0.5852072554898209	2.89	0.0001	-0.00017341676410572923
JIMIPV7S	blue jay	0.3094867033022914	4.31	0.0001	0.0001
JIMIPV7S	robin	0.4271417380133253	4.33	0.0001	0.0001
JIMIPV7S	dove	0.325284017223912	3.67	0.0001	-0.018101334099866043
JIMIPV7S	owl	0.3144036689143115	3.87	0.0001	0.0032845577535104663
K6LTYZJH	dog	0.0001	5.1	0.0001	0.0001
K6LTYZJH	cat	0.6237586776418724	4.78	0.0001	0.23888764654451689
K6LTYZJH	bat	0.4680997377995356	4.3	0.6667	-0.005728239753850588
K6LTYZJH	rat	0.4814217781391585	4.17	0.6667	-0.014731686119935344
K6LTYZJH	tiger	0.3614411567712123	4.3	0.0001	0.08613816176578959
K6LTYZJH	lion	0.5287590434181855	4.25	0.25	0.01093799558325431
K6LTYZJH	zebra	0.4470930196330995	3.4	0.0001	-0.001048630302587601
K6LTYZJH	monkey	0.4621224278619789	4.07	0.0001	0.0013123660806682387
K6LTYZJH	jaguar	0.2872052109268654	3.51	0.0001	0.022288068506638357
K6LTYZJH	puma	0.4949960088705272	3.22	0.0001	0.005534149026069076
K6LTYZJH	lemur	0.3884648377607047	2.57	0.25	0.034114861681270904
K6LTYZJH	cockroach	0.3436785951821582	3.16	0.0001	-0.007433980381529011
K6LTYZJH	elephant	0.4057830684449555	4.08	0.0001	-0.006350147545772035
K6LTYZJH	cobra	0.307910794830161	3.51	0.1429	-0.02421600106889876
K6LTYZJH	whale	0.2173800691791436	3.98	0.0001	0.012378227734853002
K6LTYZJH	orca	0.6371574245672782	2.93	0.0001	0.07459812328909873
K6LTYZJH	penguin	0.4180273967468442	3.78	0.1429	0.003456495304962835
K6LTYZJH	bear	0.3514418275865132	4.71	0.1429	0.01828007502343665
K6LTYZJH	woodpecker	0.3923614720409903	2.82	0.0001	0.007227231773387144
K6LTYZJH	songbird	0.4572305489854675	2.68	0.0001	0.0
K6LTYZJH	loon	0.3704072531130968	2.99	0.0001	0.0
K6LTYZJH	mouse	0.2531478163955125	4.31	0.0001	0.02692277933917104
KMXD4OZC	panda	0.0001	3.65	0.0001	0.0001
KMXD4OZC	anteater	0.2329167770077054	2.28	0.1667	-0.09571540533192871
KMXD4OZC	possum	0.4834682296054093	2.94	0.0001	-0.0030203278124486745
KMXD4OZC	raccoon	0.6618594347934953	3.27	0.0001	0.10998140700351544
KMXD4OZC	hippo	0.327252679927192	3.13	0.0001	0.11808637194370665
KMXD4OZC	alligator	0.4329609850205023	3.32	0.0001	-0.025637285354796365
KMXD4OZC	crocodile	0.7675973157183913	3.49	0.0001	0.1177897789725064
KMXD4OZC	flamingo	0.3321945540115394	3.06	0.0001	0.015572808508013198
KMXD4OZC	butterfly	0.3968373832247293	3.93	0.0001	0.032766042797265034
KMXD4OZC	dog	0.3862121267735726	5.1	0.0001	-0.0018931744652984724
KMXD4OZC	cat	0.6237586776418724	4.78	0.0001	0.44051758231482213
KMXD4OZC	lion	0.4466598206998501	4.25	0.0001	-0.038354236016575366
KMXD4OZC	tiger	0.5287590434181855	4.3	0.25	0.15903002360938712
KMXD4OZC	squirrel	0.3782296101740992	3.69	0.0001	0.005903956968956234
KMXD4OZC	rat	0.460214675204964	4.17	0.0001	0.008960286118512023
KMXD4OZC	mice	0.5122551353235997	4.09	0.0001	0.11497424370659384
KMXD4OZC	bird	0.333117499242539	4.63	0.0001	0.0470316594403021
KMXD4OZC	pelican	0.5196402553416627	3.07	0.0001	0.02969508844525086
KMXD4OZC	t rex	0.1637902447469275	3.88	0.1429	0.0001
KZ9S5MPC	hippo	0.0001	3.13	0.0001	0.0001
KZ9S5MPC	elephant	0.5452487954133951	4.08	0.0001	0.08212084107817497
KZ9S5MPC	lizard	0.4105587570810067	3.63	0.1429	0.09081789439615369
KZ9S5MPC	frog	0.4842712319006901	3.89	0.0001	0.1580765267051408
KZ9S5MPC	dog	0.4486416539774568	5.1	0.25	0.05137614796230004
KZ9S5MPC	cat	0.6237586776418724	4.78	0.0001	0.5090150090377871
KZ9S5MPC	bird	0.5016037867066757	4.63	0.0001	0.18060381619206403
KZ9S5MPC	mouse	0.4435826181267303	4.31	0.0001	0.08507953181919652
KZ9S5MPC	rat	0.6046930033878715	4.17	0.0001	0.17738396136389228
KZ9S5MPC	toucan	0.1991789358138769	2.36	0.1429	0.028691976250935912
KZ9S5MPC	ant	0.1683775220278345	3.86	0.1429	0.012570295030377833
KZ9S5MPC	beetle	0.3897181371676577	3.53	0.2	0.10911700352351131
KZ9S5MPC	butterfly	0.4235104085527414	3.93	0.4286	-0.005951777953105157
KZ9S5MPC	ladybug	0.4441106871015567	2.67	0.0001	-0.06706589561191453
KZ9S5MPC	praying mantis	0.4438368516148645	3.06	0.0909	0.0001
KZ9S5MPC	snake	0.3388176929525822	4.23	0.0909	0.0001
KZ9S5MPC	anteater	0.3137010645071194	2.28	0.1667	0.10188689978880137
KZ9S5MPC	echidna	0.527904513292774	2.27	0.0001	-0.008408360093557566
KZ9S5MPC	kiwi	0.3401055858849662	3.33	0.1667	0.005312203948792626
LJSMGNV0	dog	0.0001	5.1	0.0001	0.0001
LJSMGNV0	cat	0.6237586776418724	4.78	0.0001	0.34317830449141024
LJSMGNV0	mouse	0.5705879372676009	4.31	0.0001	0.24025209150077015
LJSMGNV0	bird	0.4435826181267303	4.63	0.0001	0.08967946871273437
LJSMGNV0	pigeon	0.6136986324463339	3.61	0.0001	0.2254292453260383
LJSMGNV0	elephant	0.3889847021351859	4.08	0.2857	0.037077799445401766
LJSMGNV0	hippo	0.5452487954133951	3.13	0.0001	0.09951056017260038
LJSMGNV0	deer	0.2737987041555916	4.12	0.25	-0.029927052640228193
LJSMGNV0	moose	0.5255163623440284	3.61	0.0001	0.5567856985374857
LJSMGNV0	coyote	0.3283002212552689	3.36	0.0001	0.23753770571281432
LJSMGNV0	monkey	0.2841880990790817	4.07	0.2	0.010551520642484534
LJSMGNV0	zebra	0.4621224278619789	3.4	0.0001	5.251283731953399e-05
LJSMGNV0	giraffe	0.4528724633327149	3.32	0.0001	0.08967572719353084
LJSMGNV0	red panda	0.2480947717100424	3.64	0.125	0.0001
LJSMGNV0	panda	0.8305645299294775	3.65	0.625	0.0001
LJSMGNV0	rhino	0.3730166232321636	3.57	0.2	0.054814800880783096
LJSMGNV0	bear	0.319088368431269	4.71	0.0001	0.04934733287643136
LJSMGNV0	polar bear	0.7556167232897337	3.89	0.4286	0.0001
LN8REBYY	cat	0.0001	4.78	0.0001	0.0001
LN8REBYY	dog	0.6237586776418724	5.1	0.0001	0.43414763224725395
LN8REBYY	pig	0.4517392663990121	4.14	0.3333	0.10058388401169345
LN8REBYY	cow	0.5070622080559183	4.14	0.0001	0.20646847320546385
LN8REBYY	snake	0.4488139195875682	4.23	0.0001	-0.027787617179988365
LN8REBYY	buffalo	0.3687265851373209	4.14	0.0001	0.013780378972663923
LN8REBYY	butterfly	0.323333694905912	3.93	0.4286	0.03925202066913921
LN8REBYY	shark	0.4031001764548496	4.1	0.0001	0.021591578924567652
LN8REBYY	snail	0.4092675066647426	3.67	0.0001	0.09949081099194627
LN8REBYY	dolphin	0.1807415247385815	3.67	0.0001	0.047793378802636934
LN8REBYY	cardinal	0.2416271658320484	3.9	0.375	0.03644260507925576
LN8REBYY	chickadee	0.4806883902937229	2.22	0.125	-0.009895609983759858
LN8REBYY	cowbird	0.4416633455677657	1.69	0.1667	-0.0032861525066616433
LN8REBYY	catbird	0.4791386800872912	1.88	0.5	0.0014295460098345133
LN8REBYY	dragonfly	0.2671157067906162	3.03	0.0001	0.011972115510779344
LN8REBYY	beetle	0.4625003928386018	3.53	0.1	0.042234604331117226
LN8REBYY	elephant	0.3672841768704368	4.08	0.1429	0.024671725951556884
LN8REBYY	tiger	0.5129784205874345	4.3	0.0001	0.08190529906557456
LN8REBYY	lion	0.5287590434181855	4.25	0.25	0.24292567931111606
LN8REBYY	sloth	0.3607197881088111	3.1	0.0001	-0.002455102637528177
LN8REBYY	ape	0.331055552254015	3.48	0.0001	0.04707831408315131
LN8REBYY	sheep	0.2560336535672182	4.19	0.3333	0.04489780133193673
LN8REBYY	ram	0.4345551510259535	4.19	0.0001	-0.00017317954836868068
LN8REBYY	bull	0.2953522207866956	4.34	0.0001	0.012508984033023453
LN8REBYY	ewe	0.3722511158078452	2.79	0.0001	-0.018537716070249722
LUKGQM9Q	cow	0.0001	4.14	0.0001	0.0001
LUKGQM9Q	dog	0.4576850906434975	5.1	0.0001	0.0012826093485415828
LUKGQM9Q	cat	0.6237586776418724	4.78	0.0001	0.22950500455156733
LUKGQM9Q	lizard	0.3640193444250397	3.63	0.0001	0.19337030124493304
LUKGQM9Q	gecko	0.6375777966666752	2.91	0.0001	-0.03142798729477032
LUKGQM9Q	giraffe	0.2435776370306659	3.32	0.0001	-0.026266071751851906
LUKGQM9Q	elephant	0.5317287512193349	4.08	0.1429	0.056684828743057955
LUKGQM9Q	whale	0.4386791432485166	3.98	0.0001	0.09246456631373529
LUKGQM9Q	snake	0.3001480868843607	4.23	0.25	0.11188960660594867
LUKGQM9Q	shark	0.373720936503342	4.1	0.25	-0.00695631846228356
LUKGQM9Q	fish	0.5343008496832359	4.9	0.0001	0.05364486117680832
LUKGQM9Q	eel	0.5182415404183602	3.23	0.0001	0.22125259517139026
LUKGQM9Q	octopus	0.5864078951169618	3.46	0.0001	0.06351590243692412
LUKGQM9Q	starfish	0.5509588539058186	3.0	0.0001	0.012353042083818098
LUKGQM9Q	leopard	0.3075275532320446	3.59	0.0001	0.09702406995901848
LUKGQM9Q	lion	0.5666639620635257	4.25	0.2	0.1103136827062128
LUKGQM9Q	sheep	0.3739601629630609	4.19	0.0001	-0.010076535039011226
LUKGQM9Q	pig	0.4346000005916766	4.14	0.0001	0.0662261398230581
LUKGQM9Q	monkey	0.4477383368781592	4.07	0.0001	0.10126210588816827
LUKGQM9Q	fox	0.3304632548121119	4.66	0.2	0.04424748812612843
LUKGQM9Q	chicken	0.4043875875387915	4.63	0.2	-0.04959759014108567
MCYP84X4	dog	0.0001	5.1	0.0001	0.0001
MCYP84X4	cat	0.6237586776418724	4.78	0.0001	0.14891896948936717
MCYP84X4	zebra	0.3422761731744783	3.4	0.0001	-0.03886218495640222
MCYP84X4	hippo	0.443146243456614	3.13	0.0001	-0.002310190446470199
MCYP84X4	bird	0.262318421766846	4.63	0.0001	-0.0028316239847713575
MCYP84X4	giraffe	0.3764119801991015	3.32	0.0001	0.025266928411799915
MCYP84X4	frog	0.2793391505788136	3.89	0.0001	-0.00315507321622637
MCYP84X4	fly	0.3782009006243249	4.75	0.25	0.001431349356737003
MCYP84X4	bee	0.3330314045924888	4.09	0.0001	0.0026724182798343564
MCYP84X4	fish	0.3286032741897988	4.9	0.0001	-0.005898249046652498
MCYP84X4	whale	0.4884778216597922	3.98	0.0001	0.10862695307530706
MCYP84X4	octopus	0.4414419701193588	3.46	0.0001	0.020211256994780387
MCYP84X4	rhino	0.3808601948176089	3.57	0.0001	0.01173770067975736
MCYP84X4	lion	0.393895987237195	4.25	0.25	-0.0038688863060981327
MCYP84X4	fox	0.3294483614875055	4.66	0.0001	0.009230704793894822
MCYP84X4	mouse	0.3698007715029863	4.31	0.25	0.026816075707625495
MCYP84X4	rat	0.6046930033878715	4.17	0.0001	0.056496284721660246
MCYP84X4	leopard	0.3643847289446162	3.59	0.0001	0.013683741771147166
MCYP84X4	cheetah	0.6901226907763703	3.2	0.0001	0.06811639994187205
MCYP84X4	hamster	0.3352222524929906	3.31	0.1667	-0.03637546970694653
MCYP84X4	guinea pig	0.6165143748468315	3.8	0.0001	0.0001
MCYP84X4	pig	0.5860965299530718	4.14	0.1	0.0001
MCYP84X4	cow	0.5070622080559183	4.14	0.0001	0.019330432716164907
MCYP84X4	chicken	0.4835791880000102	4.63	0.2	0.052992552779684295
N9V0QKO1	rat	0.0001	4.17	0.0001	0.0001
N9V0QKO1	cat	0.5271154788076963	4.78	0.6667	0.1576000376346403
N9V0QKO1	bat	0.4680997377995356	4.3	0.6667	-0.014033463366184048
N9V0QKO1	bug	0.31041922370279	4.2	0.3333	0.04263701960730579
N9V0QKO1	grasshopper	0.3241006641537476	3.03	0.0001	0.019970637366520598
N9V0QKO1	armadillo	0.3209218351678663	2.7	0.125	0.0
N9V0QKO1	ox	0.312110813460449	3.47	0.0001	0.0
N9V0QKO1	tiger	0.2832413094354526	4.3	0.0001	-0.008986161405807606
N9V0QKO1	rabbit	0.3646574640341622	4.05	0.0001	-0.0008505080514369579
N9V0QKO1	hare	0.5681414791045476	3.66	0.0001	0.01991439680761117
N9V0QKO1	dragon	0.3124150032846442	4.41	0.0001	-0.003047846850885493
N9V0QKO1	mouse	0.3762849467056117	4.31	0.0001	0.0038089804887216586
N9V0QKO1	buffalo	0.3110437081025334	4.14	0.0001	-0.013357879815681387
N9V0QKO1	monkey	0.2810433349475697	4.07	0.1667	0.003138424593981506
N9V0QKO1	rooster	0.4083617599014302	3.31	0.0001	0.03885278156089745
N9V0QKO1	chicken	0.6102020858305408	4.63	0.0001	0.18437858164212578
N9V0QKO1	hen	0.6312529897366921	3.56	0.2	0.01381211548729817
N9V0QKO1	chick	0.6501689189400542	4.08	0.0001	0.03866924060501702
N9V0QKO1	flying squirrel	0.2382429626857383	3.65	0.0909	0.0001
N9V0QKO1	squirrel	0.7883959205468412	3.69	0.5455	0.0001
N9V0QKO1	gorilla	0.3536369130921986	3.62	0.1667	0.010876260088792732
N9V0QKO1	deer	0.3492086444623268	4.12	0.2	0.014754641574430365
N9V0QKO1	fawn	0.6202443985558622	3.02	0.0001	-0.003017275711630441
N9V0QKO1	lamb	0.4008116914557464	4.02	0.0001	-0.022238982902492998
N9V0QKO1	bunny	0.3270690119665286	3.88	0.0001	0.05126024006844801
N9V0QKO1	fox	0.2480844035023747	4.66	0.0001	0.023871359364495935
NHCBLFL1	fish	0.0001	4.9	0.0001	0.0001
NHCBLFL1	rabbit	0.3717899490106262	4.05	0.0001	0.04789612437928897
NHCBLFL1	sloth	0.2558688975227594	3.1	0.0001	0.09340488401616796
NHCBLFL1	giraffe	0.4276392736946068	3.32	0.0001	0.15569699437638024
NHCBLFL1	cow	0.3609077493310952	4.14	0.0001	0.08209519504214846
NHCBLFL1	moose	0.404531756169159	3.61	0.0001	0.07637769481698056
NHCBLFL1	chicken	0.3403706598170092	4.63	0.0001	0.05833363969236577
NHCBLFL1	cat	0.4879924279499275	4.78	0.2	0.07193986581223773
NHCBLFL1	dog	0.6237586776418724	5.1	0.0001	0.49095459203810426
NHCBLFL1	rabbit	0.5229291303540531	4.05	0.0001	0.12659231872005425
NHCBLFL1	ferret	0.4666162466491043	3.01	0.4	0.05595132085107772
NHCBLFL1	mouse	0.3800148940487106	4.31	0.0001	0.08059676684194472
NHCBLFL1	rat	0.6046930033878715	4.17	0.0001	0.38345034152898794
NHCBLFL1	elephant	0.3822500001929543	4.08	0.1429	0.03560212181131616
NHCBLFL1	hippo	0.5452487954133951	3.13	0.0001	0.21387101937787908
NHCBLFL1	frog	0.4171248178560229	3.89	0.0001	0.12469952721808814
NHCBLFL1	toad	0.6834819483409336	3.34	0.0001	0.4206822787101357
NHCBLFL1	turtle	0.4160102543211652	3.91	0.2	0.12343290369229135
NHCBLFL1	monkey	0.3779770340386736	4.07	0.0001	0.04319922073895959
NHCBLFL1	orangutan	0.5673142016496505	2.8	0.125	0.06808040389902609
NHCBLFL1	jaguar	0.3707904385113283	3.51	0.125	0.11559761578583792
NHCBLFL1	tiger	0.4587286106909373	4.3	0.1667	0.43901245461379207
NHCBLFL1	lion	0.5287590434181855	4.25	0.25	0.6839357611389711
NHCBLFL1	anteater	0.3594077946926096	2.28	0.0001	0.06768367689386677
NHCBLFL1	narwhal	0.3929015616405571	2.28	0.0001	-0.005964927035279023
NHCBLFL1	baboon	0.3417298620527957	2.73	0.1429	0.1390131310736985
NHCBLFL1	sloth	0.4593096451349159	3.1	0.0001	0.10163329456770184
NRXHKYAS	dog	0.0001	5.1	0.0001	0.0001
NRXHKYAS	cat	0.6237586776418724	4.78	0.0001	0.5743155141501588
NRXHKYAS	lion	0.4466598206998501	4.25	0.0001	0.024559700706738363
NRXHKYAS	pelican	0.2431478139665722	3.07	0.4286	0.005201767615044724
NRXHKYAS	toucan	0.3847303067010106	2.36	0.2857	0.06988139579833488
NRXHKYAS	boar	0.1977657103593117	3.3	0.0001	0.0004739539999378041
NRXHKYAS	pig	0.5405226025920522	4.14	0.0001	0.07825077551165059
NRXHKYAS	hen	0.3897434713557656	3.56	0.0001	0.006134034501554879
NRXHKYAS	peacock	0.4748631147909308	3.44	0.0001	0.013222172192438651
NRXHKYAS	axolotl	0.2922284587819855	2.02	0.0001	0.006145322113158912
NRXHKYAS	salamander	0.6653233738131993	2.76	0.1	-0.0004916641757390924
NRXHKYAS	parrot	0.266058671823781	3.49	0.1111	0.011424887675643832
NRXHKYAS	falcon	0.3053742721941199	3.74	0.1667	-0.034963418504851566
NRXHKYAS	hamster	0.2041725375776337	3.31	0.1667	9.868529452544416e-05
NRXHKYAS	mouse	0.4731070689487304	4.31	0.1667	-0.00547402120128736
NRXHKYAS	swordfish	0.265654086465646	2.67	0.0001	0.007872090226237758
NRXHKYAS	beluga	0.4154592705349664	2.69	0.0001	-0.0011991746363467393
NRXHKYAS	seal	0.4056605345793412	4.3	0.1667	-0.008624264003586225
NXGNLGFN	lion	0.0001	4.25	0.0001	0.0001
NXGNLGFN	dog	0.3998823672329367	5.1	0.0001	-0.03142071963056229
NXGNLGFN	cat	0.6237586776418724	4.78	0.0001	0.2952865384875336
NXGNLGFN	tiger	0.4726230772931846	4.3	0.0001	0.06405116827969962
NXGNLGFN	ant	0.2157183881654779	3.86	0.0001	0.004576182775873732
NXGNLGFN	moose	0.2798862415404015	3.61	0.0001	-0.04320837688497638
NXGNLGFN	deer	0.5255163623440284	4.12	0.0001	0.08997426650530393
NXGNLGFN	rat	0.3456911287925182	4.17	0.0001	-0.007025419869866073
NXGNLGFN	mouse	0.6046930033878715	4.31	0.0001	0.004388381504592326
NXGNLGFN	fish	0.4238638872396312	4.9	0.0001	0.0452747341820194
NXGNLGFN	snake	0.4557673584647199	4.23	0.0001	0.02995448044795689
NXGNLGFN	monkey	0.3876097773306761	4.07	0.2	0.051115661199952325
NXGNLGFN	salmon	0.3403205302042367	4.01	0.0001	0.07506761129837299
NXGNLGFN	bee	0.2075181548210924	4.09	0.0001	0.04624701801235532
NXGNLGFN	antelope	0.2988260926405246	3.08	0.0001	0.008258753525179227
NXGNLGFN	frog	0.2938950465039666	3.89	0.0001	0.011613964113459193
NXGNLGFN	toad	0.6834819483409336	3.34	0.0001	0.0975877348239967
NXGNLGFN	shark	0.2923234170511299	4.1	0.0001	0.039570233996018375
NXGNLGFN	whale	0.4783327474667829	3.98	0.0001	0.13298630969977587
NXGNLGFN	elephant	0.4386791432485166	4.08	0.0001	0.16491277979540214
NXGNLGFN	giraffe	0.5317287512193349	3.32	0.1429	0.13078285499971518
NXGNLGFN	sheep	0.346811753493299	4.19	0.0001	0.0435101367625734
NXGNLGFN	pig	0.4346000005916766	4.14	0.0001	0.08119393099475823
NXGNLGFN	donkey	0.4603671679181201	3.62	0.0001	0.0091887707793774
NXGNLGFN	cow	0.4798881665975234	4.14	0.2	0.001749314518114086
NZ8ZTZHG	elephant	0.0001	4.08	0.0001	0.0001
NZ8ZTZHG	tiger	0.5129784205874345	4.3	0.0001	0.08746190677164788
NZ8ZTZHG	lion	0.5287590434181855	4.25	0.25	0.30467111696746163
NZ8ZTZHG	giraffe	0.4095623512921928	3.32	0.0001	0.0375284777251222
NZ8ZTZHG	zebra	0.4528724633327149	3.4	0.0001	0.027273096226468008
NZ8ZTZHG	kangaroo	0.3852070510305211	3.5	0.0001	0.0279761798192435
NZ8ZTZHG	koala	0.6206977653718412	3.04	0.1667	0.08996191572323514
NZ8ZTZHG	panda	0.5051412593640455	3.65	0.2	0.05415196754857231
NZ8ZTZHG	bird	0.2686530488852028	4.63	0.2	0.04154238168463608
NZ8ZTZHG	mole	0.2722729683429021	3.67	0.0001	-0.008453681676119705
NZ8ZTZHG	bat	0.2372729594016047	4.3	0.0001	0.0595219015056477
NZ8ZTZHG	red panda	0.3432529587844204	3.64	0.125	0.0001
NZ8ZTZHG	bear	0.3955984263925108	4.71	0.125	0.0001
NZ8ZTZHG	monkey	0.3907333149652858	4.07	0.0001	0.018882294342035533
NZ8ZTZHG	buffalo	0.2810433349475697	4.14	0.1667	0.012958787166827485
NZ8ZTZHG	bison	0.6490123669121313	3.26	0.3333	0.07334998235712928
O4NB1X6B	cows	0.0001	3.93	0.0001	0.0001
O4NB1X6B	dogs	0.408318715139268	4.77	0.25	0.23105658693162706
O4NB1X6B	horse	0.4890565959625035	4.76	0.0001	0.09745478295097341
O4NB1X6B	cat	0.541054220222016	4.78	0.0001	0.04503466300771864
O4NB1X6B	pig	0.47400176222462	4.14	0.0001	0.12274084962187798
O4NB1X6B	goats	0.4361110546919626	3.72	0.0001	0.14896239235599096
O4NB1X6B	lions	0.317151293137621	4.18	0.0001	0.06469735237067348
O4NB1X6B	tiger	0.4356844755694244	4.3	0.2	0.27781277179850666
O4NB1X6B	giraffe	0.2876752655705705	3.32	0.0001	0.09543291034782729
O4NB1X6B	elephant	0.5317287512193349	4.08	0.1429	0.18779427657013056
O4NB1X6B	zebra	0.3986454433345328	3.4	0.1429	0.05364141445971555
O4NB1X6B	horse	0.419710860823885	4.76	0.2	0.1136759762591555
O4NB1X6B	bobcat	0.3632872425134209	2.8	0.0001	0.05801162801025097
O4NB1X6B	rhino	0.4298042812097642	3.57	0.0001	0.035118538022041124
O4NB1X6B	warthog	0.4601459619503487	2.49	0.1429	0.003224103351848147
O4NB1X6B	hyena	0.4346198234698128	2.8	0.0001	0.0134766243487457
O4NB1X6B	cheetah	0.484181500788567	3.2	0.4	0.05668656890935744
OEQ7A3BW	lion	0.0001	4.25	0.0001	0.0001
OEQ7A3BW	snake	0.332235612072057	4.23	0.0001	0.0017848579682433706
OEQ7A3BW	dog	0.4532492060944897	5.1	0.0001	0.022330532471247343
OEQ7A3BW	cat	0.6237586776418724	4.78	0.0001	0.016677953512755684
OEQ7A3BW	crocodile	0.3771138227789656	3.49	0.125	0.0
OEQ7A3BW	giraffe	0.2429021274809136	3.32	0.0001	0.0
OEQ7A3BW	elephant	0.5317287512193349	4.08	0.1429	0.0
OEQ7A3BW	ostrich	0.5106913574672441	3.05	0.0001	0.0
OEQ7A3BW	sea lion	0.3276711102694198	4.19	0.0001	0.0001
OEQ7A3BW	whale	0.5322043837402474	3.98	0.1667	0.0001
OEQ7A3BW	buffalo	0.3540411848706157	4.14	0.1667	-0.0037182189170367535
OEQ7A3BW	tiger	0.3573564575801728	4.3	0.0001	-0.0309538324322911
OEQ7A3BW	leopard	0.5404639920734413	3.59	0.2	0.0
OEQ7A3BW	cockroach	0.3443454134722925	3.16	0.0001	0.0
OEQ7A3BW	housefly	0.4796510790230522	1.8	0.0001	0.0
OEQ7A3BW	butterfly	0.4838843045075658	3.93	0.2857	0.0
OEQ7A3BW	bat	0.4541844044432158	4.3	0.2857	-0.00739234914648556
OUSZQD8K	deer	0.0001	4.12	0.0001	0.0001
OUSZQD8K	cat	0.3540836102342333	4.78	0.0001	0.04225537071944588
OUSZQD8K	mouse	0.5705879372676009	4.31	0.0001	0.19364249222335037
OUSZQD8K	dog	0.4964047294803164	5.1	0.0001	0.025628231838728813
OUSZQD8K	bear	0.466363296707127	4.71	0.0001	0.11160463243911549
OUSZQD8K	fox	0.3364377107487428	4.66	0.0001	0.05056569052254523
OUSZQD8K	snake	0.3892176795165309	4.23	0.0001	0.012758025406013968
OUSZQD8K	walrus	0.376583982812686	2.98	0.0001	-0.018783420982904267
OUSZQD8K	seal	0.4771934125002907	4.3	0.1667	-0.009566494414688502
OUSZQD8K	polar bear	0.4224096670210722	3.89	0.1429	0.0001
OUSZQD8K	bird	0.3134283678976512	4.63	0.1429	0.0001
OUSZQD8K	owl	0.471534189595298	3.87	0.0001	0.053832198193694385
OUSZQD8K	fish	0.2602012985927044	4.9	0.0001	0.02651869356487125
OUSZQD8K	octopus	0.4286758971171304	3.46	0.0001	0.07509221114624014
OUSZQD8K	crab	0.4125789708077585	3.76	0.1429	0.03941914795175656
OUSZQD8K	lobster	0.6546572033695247	3.65	0.0001	0.2594979053855581
OUSZQD8K	moose	0.3272920106392095	3.61	0.1667	0.09087525471681478
OUSZQD8K	squid	0.2649984606875044	3.44	0.0001	-0.0010002919385462908
OUSZQD8K	eagle	0.3782531498109143	4.13	0.0001	0.008983059738490628
OUSZQD8K	hawk	0.56949658413453	3.81	0.0001	0.03199520862687616
OUSZQD8K	wolf	0.3915559018779617	4.35	0.0001	0.019579345964466074
OUSZQD8K	cheetah	0.3448768423222996	3.2	0.0001	0.003863445263066976
OUSZQD8K	tiger	0.4710965836328509	4.3	0.0001	0.040752406145544415
OUSZQD8K	lion	0.5287590434181855	4.25	0.25	0.021299570378522634
OUSZQD8K	zebra	0.4470930196330995	3.4	0.0001	0.003336054836953657
OX30M9NX	dolphin	0.0001	3.67	0.0001	0.0001
OX30M9NX	squid	0.3940071338575359	3.44	0.0001	0.007912971515290884
OX30M9NX	whale	0.4065391056714793	3.98	0.2	0.03093119120377937
OX30M9NX	orca	0.6371574245672782	2.93	0.0001	0.6706563453438437
OX30M9NX	seahorse	0.4266017329402893	2.5	0.1667	0.0031171900735538997
OX30M9NX	fish	0.4170269462043949	4.9	0.0001	-0.017667062696816106
OX30M9NX	shark	0.5343008496832359	4.1	0.0001	0.1469234677895487
OX30M9NX	penguin	0.4351456353321026	3.78	0.0001	0.03638730742620739
OX30M9NX	panda	0.4478978951138168	3.65	0.2857	0.009911589463564081
OX30M9NX	polar bear	0.4216284479945984	3.89	0.1429	0.0001
OX30M9NX	grizzly bear	0.6921728796326783	3.26	0.4444	0.0001
OX30M9NX	finch	0.2507487800649068	3.55	0.1111	0.0001
OX30M9NX	sandpiper	0.4646459424678382	2.46	0.125	0.0
OX30M9NX	monkey	0.2592376176259656	4.07	0.0001	0.0
OX30M9NX	deer	0.343694641966463	4.12	0.0001	0.036430254868786156
OX30M9NX	bear	0.4216487799750541	4.71	0.3333	0.12291165702982772
OX30M9NX	squirrel	0.3344377005604351	3.69	0.0001	0.088528340570486
OX30M9NX	fox	0.3430968170441206	4.66	0.0001	0.0007472986035716672
OX30M9NX	snake	0.3892176795165309	4.23	0.0001	0.0019599800399047176
OX30M9NX	worm	0.4235825532485229	3.77	0.0001	0.16584328159176492
OX30M9NX	elephant	0.2343522221750673	4.08	0.0001	-0.028424019704946055
OX30M9NX	tiger	0.5129784205874345	4.3	0.0001	0.09956951569891498
OX30M9NX	lion	0.5287590434181855	4.25	0.25	0.19146566874136844
PBNU471N	bear	0.0001	4.71	0.0001	0.0001
PBNU471N	dog	0.466363296707127	5.1	0.0001	0.01682178899514432
PBNU471N	cat	0.6237586776418724	4.78	0.0001	0.4423073334469611
PBNU471N	lion	0.4466598206998501	4.25	0.0001	0.020780137145275566
PBNU471N	panda	0.3953398605300796	3.65	0.0001	0.005028729794449928
PBNU471N	dolphin	0.2829938140064121	3.67	0.1667	0.027984585300582156
PBNU471N	bunny	0.1414076613564869	3.88	0.0001	-0.0018216804438598647
PBNU471N	bird	0.4714778356042166	4.63	0.25	-0.009209824741167123
PBNU471N	mice	0.333117499242539	4.09	0.0001	0.05023823308170007
PBNU471N	panther	0.3439216583817126	3.65	0.0001	0.0727697642058533
PLC36LSR	giraffe	0.0001	3.32	0.0001	0.0001
PLC36LSR	badger	0.3732677905334606	3.48	0.0001	0.06648159963445273
PLC36LSR	bat	0.309959788515475	4.3	0.5	0.0017258685288494952
PLC36LSR	dog	0.4095182347397308	5.1	0.0001	0.09061219005492765
PLC36LSR	panda	0.3470964352229595	3.65	0.0001	0.09681250290073955
PLC36LSR	penguin	0.4478978951138168	3.78	0.2857	0.08626911980988844
PLC36LSR	aardvark	0.383089643035025	2.39	0.0001	0.0030746892455399966
PLC36LSR	stork	0.3020146411202213	2.88	0.2857	0.0008370411478247378
PLC36LSR	crane	0.3772633468410227	3.92	0.0001	-0.013398895749831765
PLC36LSR	robin	0.3766895437536053	4.33	0.2	0.006156680671509327
PLC36LSR	rhino	0.2310355450796619	3.57	0.2	0.014837704197775201
PLC36LSR	hippo	0.4555499232225006	3.13	0.0001	0.10101199139694197
PLC36LSR	fish	0.2675254084358813	4.9	0.25	0.07737967913637633
PLC36LSR	seahorse	0.4170269462043949	2.5	0.0001	0.02556164395546164
PLC36LSR	jellyfish	0.4507110245078061	3.25	0.0001	0.10599330670584847
PLC36LSR	deer	0.3453331612531047	4.12	0.0001	0.023755339207949137
PLC36LSR	elk	0.675210624753035	3.49	0.0001	0.1239978574923076
PLC36LSR	reindeer	0.5373510212392268	3.32	0.0001	0.015526982442370623
PLW1S0CA	cat	0.0001	4.78	0.0001	0.0001
PLW1S0CA	dog	0.6237586776418724	5.1	0.0001	0.18301416424829886
PLW1S0CA	kangaroo	0.3552557324806851	3.5	0.1667	-0.041239879686521375
PLW1S0CA	platypus	0.4711355210865553	2.69	0.0001	0.0
PLW1S0CA	binturong	0.1655423560861338	1.09	0.1111	0.0
PLW1S0CA	hamster	0.191585168138179	3.31	0.0001	0.0
PLW1S0CA	gerbil	0.6225326675295295	2.44	0.0001	0.0
PLW1S0CA	lizard	0.358373770221404	3.63	0.0001	0.0
PLW1S0CA	rat	0.3783300640532346	4.17	0.0001	0.0181235642585659
PLW1S0CA	mouse	0.6046930033878715	4.31	0.0001	0.027908246751358484
PLW1S0CA	parrot	0.2728503392913235	3.49	0.0001	0.038408403029225685
PLW1S0CA	seagull	0.4912740681837593	3.02	0.0001	0.020954585334635102
PLW1S0CA	macaw	0.4883195755768993	2.33	0.0001	-0.0233175245773534
PLW1S0CA	leopard	0.2852869688271564	3.59	0.0001	-0.0352809333049219
PLW1S0CA	panther	0.5655262822749685	3.65	0.0001	0.013058529316139097
PLW1S0CA	lion	0.5202884056602123	4.25	0.0001	0.020774546017104274
PLW1S0CA	tiger	0.5287590434181855	4.3	0.25	0.2787188130360473
PLW1S0CA	bear	0.4506446424303366	4.71	0.0001	0.018359478374556874
PLW1S0CA	cheetah	0.3205070542928605	3.2	0.0001	0.09040685592858853
PLW1S0CA	jaguar	0.4872972875584196	3.51	0.0001	-0.012487758844555096
PLW1S0CA	cougar	0.4193988063201214	3.38	0.1667	-0.016184600865516173
PLW1S0CA	wolf	0.3876892985383895	4.35	0.0001	0.011500563675290577
PLW1S0CA	jackal	0.4233216604411924	2.87	0.0001	-0.005592222192909603
PLW1S0CA	coyote	0.4047674828728481	3.36	0.0001	-0.005070714752432918
Q3MFUDV9	dog	0.0001	5.1	0.0001	0.0001
Q3MFUDV9	cat	0.6237586776418724	4.78	0.0001	0.3501353766320597
Q3MFUDV9	lion	0.4466598206998501	4.25	0.0001	0.1274030591319325
Q3MFUDV9	tiger	0.5287590434181855	4.3	0.25	0.20623032043577325
Q3MFUDV9	cheetah	0.4710965836328509	3.2	0.0001	0.11222583820305813
Q3MFUDV9	puma	0.5569791391546947	3.22	0.25	0.04093105244471035
Q3MFUDV9	wolf	0.3860374574248065	4.35	0.0001	-0.000587334915859242
Q3MFUDV9	sheep	0.4371046177572382	4.19	0.0001	0.2140726495569288
Q3MFUDV9	chinchilla	0.2504872329552448	2.57	0.0001	-0.016953058490396716
Q3MFUDV9	python	0.1938656942116323	3.78	0.0001	0.005621094030799533
Q3MFUDV9	caracal	0.1922922182910856	1.99	0.0001	0.025358702810706974
Q3MFUDV9	mouse	0.3528948210574296	4.31	0.0001	-0.007821474877108464
Q3MFUDV9	hamster	0.4731070689487304	3.31	0.1667	0.03192170858000478
Q3MFUDV9	gerbil	0.6225326675295295	2.44	0.0001	-0.017993187640643955
Q3MFUDV9	hyena	0.3143881711000255	2.8	0.0001	0.002533380652258535
Q3MFUDV9	elephant	0.438190700833276	4.08	0.1429	0.02514807337569045
Q3MFUDV9	cow	0.5324826980153902	4.14	0.0001	0.012030023182366158
Q3MFUDV9	boar	0.3328216040916079	3.3	0.0001	0.041152708330297376
QGT05169	cat	0.0001	4.78	0.0001	0.0001
QGT05169	tiger	0.4726230772931846	4.3	0.0001	0.19505415700251497
QGT05169	lion	0.5287590434181855	4.25	0.25	0.3570260557319202
QGT05169	elephant	0.5054773378551576	4.08	0.4286	0.12035054566443762
QGT05169	cow	0.5324826980153902	4.14	0.0001	0.057228185817410085
QGT05169	ant	0.344340668751857	3.86	0.0001	0.03981721858639858
QGT05169	bee	0.4644535126161981	4.09	0.0001	0.03998847118013853
QGT05169	dog	0.3992138819483697	5.1	0.0001	0.028391761662212033
QGT05169	pig	0.4517392663990121	4.14	0.3333	0.17868271743524883
QGT05169	goat	0.4775987811688726	4.02	0.0001	0.22477693015899822
QGT05169	hen	0.3082888272250688	3.56	0.0001	0.06069146287234008
QGT05169	buffalo	0.3799867898051958	4.14	0.0001	0.011379728650705757
QGT05169	chimpanzee	0.3027741015892808	2.96	0.0001	0.03467739128823801
QGT05169	gorilla	0.6267826282198109	3.62	0.0001	0.07255856398455303
QGT05169	panda	0.3520068555712943	3.65	0.2	0.07282699951148407
QGT05169	deer	0.2595481552305925	4.12	0.0001	0.030865192127805426
RLHDN7YZ	giraffe	0.0001	3.32	0.0001	0.0001
RLHDN7YZ	dog	0.3077848113507482	5.1	0.0001	0.12742652150044356
RLHDN7YZ	cat	0.6237586776418724	4.78	0.0001	0.5464273296787586
RLHDN7YZ	horse	0.541054220222016	4.76	0.0001	0.10042923317904173
RLHDN7YZ	tarsier	0.2798813485472301	1.58	0.3333	0.0
RLHDN7YZ	monkey	0.377850473213425	4.07	0.0001	0.0
RLHDN7YZ	lion	0.5164601551434109	4.25	0.0001	0.00913627270804405
RLHDN7YZ	leopard	0.5666639620635257	3.59	0.2	0.009532756407946298
RLHDN7YZ	polar bear	0.3649684263381417	3.89	0.1429	0.0001
RLHDN7YZ	brown bear	0.6380856531813487	4.53	0.4286	0.0001
RLHDN7YZ	black bear	0.8001509600887895	4.64	0.5714	0.0001
RLHDN7YZ	seahorse	0.2032743241922492	2.5	0.0001	0.0001
RLHDN7YZ	dolphin	0.3916373260645354	3.67	0.0001	0.06218535193818174
RLHDN7YZ	shark	0.4062871613011956	4.1	0.1667	0.026217470253551717
RLHDN7YZ	salamander	0.3624082772383254	2.76	0.0001	0.05013502424095768
RLHDN7YZ	lizard	0.5928413738942232	3.63	0.2222	0.058735124731565495
RLHDN7YZ	cow	0.3066512646111592	4.14	0.0001	-0.014621850391772155
RLHDN7YZ	sheep	0.4888310248532248	4.19	0.0001	-0.04596443877352619
RLHDN7YZ	chicken	0.3884136918865681	4.63	0.0001	0.05286539097694075
RS0Z27EB	dog	0.0001	5.1	0.0001	0.0001
RS0Z27EB	cat	0.6237586776418724	4.78	0.0001	0.40653729166763275
RS0Z27EB	dolphin	0.318907658486542	3.67	0.0001	0.0007826838568983332
RS0Z27EB	chicken	0.328777655204219	4.63	0.3333	0.012312485716090291
RS0Z27EB	horse	0.4573599236926703	4.76	0.0001	0.01244678237670506
RS0Z27EB	cow	0.5537185512529321	4.14	0.0001	0.0076279550644412514
RS0Z27EB	spider	0.3760394302051	4.25	0.0001	-0.005620435732659198
RS0Z27EB	mosquito	0.3987911809245854	3.61	0.1429	-0.004737298725189791
RS0Z27EB	dragonfly	0.5409281190783382	3.03	0.0001	-0.005283469409452612
RS0Z27EB	whale	0.3043082353560763	3.98	0.1	0.007021095663316842
RS0Z27EB	orca	0.6371574245672782	2.93	0.0001	0.0
RS0Z27EB	pufferfish	0.4186497004408369	1.98	0.0001	0.0
RS0Z27EB	shark	0.5082218304409128	4.1	0.0001	0.021472977852826793
RS0Z27EB	seal	0.3361543068830339	4.3	0.0001	0.036509155983139176
RS0Z27EB	sea lion	0.5033885882394009	4.19	0.5	0.0001
RS0Z27EB	jellyfish	0.4146367163358297	3.25	0.1429	0.0001
RS0Z27EB	goat	0.1878037683016167	4.02	0.0001	-0.0016624394289942725
RS0Z27EB	armadillo	0.267331773427953	2.7	0.0001	0.0
RS0Z27EB	iguana	0.391192202084093	2.74	0.0001	0.0
RS0Z27EB	gecko	0.4673852431527072	2.91	0.1667	0.0002971846452625856
RS0Z27EB	elephant	0.3300666173016695	4.08	0.0001	-5.618893669732022e-06
RS0Z27EB	lion	0.5054773378551576	4.25	0.4286	0.01937728756094409
RS0Z27EB	zebra	0.4470930196330995	3.4	0.0001	0.04071066032232048
S30LA614	giraffe	0.0001	3.32	0.0001	0.0001
S30LA614	elephant	0.5317287512193349	4.08	0.1429	0.4737544926550205
S30LA614	cat	0.3962345477092635	4.78	0.1429	0.08372696902370742
S30LA614	horse	0.541054220222016	4.76	0.0001	0.14788596267698242
S30LA614	deer	0.4802334026816032	4.12	0.25	0.1445756785826162
S30LA614	cow	0.4250415959073765	4.14	0.0001	0.16619007209430647
S30LA614	pig	0.5070622080559183	4.14	0.0001	0.4699856406673573
S30LA614	chicken	0.4295279429259016	4.63	0.2	0.21644837510923168
S30LA614	rhinoceros	0.3137036147913362	2.85	0.125	0.004855966098826252
S30LA614	peacock	0.470030125770691	3.44	0.0001	0.02346839317163441
S30LA614	duck	0.3763504064320702	4.21	0.2	0.044501026923985214
S30LA614	mouse	0.4341774636322646	4.31	0.0001	0.0631750003675007
S30LA614	snake	0.5082115478815262	4.23	0.0001	0.26027410174102494
S30LA614	monkey	0.3876097773306761	4.07	0.2	0.06629638407791053
S30LA614	chimpanzee	0.6560314149812995	2.96	0.25	0.10850144688832997
S30LA614	dog	0.3500223025118486	5.1	0.0001	0.07063154326131235
S30LA614	lion	0.3998823672329367	4.25	0.0001	0.11101889997761386
S30LA614	jaguar	0.4344251423448986	3.51	0.0001	0.33568925841752406
S30LA614	cheetah	0.4872972875584196	3.2	0.0001	0.22834693455041252
S30LA614	koala	0.3395693859022151	3.04	0.2	0.13025725582032543
S30LA614	aardvark	0.3934704066822108	2.39	0.0001	0.0981486837557651
S30LA614	badger	0.5047782842650186	3.48	0.0001	0.013785292659161862
S30LA614	goat	0.3116781370749473	4.02	0.0001	0.01936067909829431
S30LA614	opossum	0.3076254279268788	2.47	0.0001	0.08439411064398113
S30LA614	beaver	0.4570762648205644	3.61	0.0001	0.02390231455464879
S30LA614	fox	0.4096966796953478	4.66	0.0001	0.11115284222527237
S87Q76NA	dog	0.0001	5.1	0.0001	0.0001
S87Q76NA	cat	0.6237586776418724	4.78	0.0001	0.2900590694024549
S87Q76NA	zebra	0.3422761731744783	3.4	0.0001	0.004113960729456406
S87Q76NA	caribou	0.3219796120265482	2.97	0.0001	0.057073556910824066
S87Q76NA	mouse	0.1869183240304659	4.31	0.0001	0.016676963341917116
S87Q76NA	rat	0.6046930033878715	4.17	0.0001	-0.010641094698481492
S87Q76NA	cow	0.3986434217457337	4.14	0.0001	-0.0015477474620149106
S87Q76NA	pig	0.5070622080559183	4.14	0.0001	-0.018645397072978805
S87Q76NA	elephant	0.4334614006017365	4.08	0.0001	-0.0019389920971981526
S87Q76NA	cheetah	0.4222716358628852	3.2	0.1429	0.44820138857275893
S87Q76NA	sparrow	0.335544595153994	3.48	0.0001	0.007383111441512514
S87Q76NA	crocodile	0.3384649205755167	3.49	0.0001	-0.0053509416631722624
S87Q76NA	alligator	0.7675973157183913	3.32	0.0001	0.00769785177500134
S87Q76NA	hippo	0.4329609850205023	3.13	0.0001	0.14378392311961138
S87Q76NA	rhino	0.4555499232225006	3.57	0.0001	0.045236586651016264
S87Q76NA	woodpecker	0.3268022113681221	2.82	0.0001	0.15131134651277955
S87Q76NA	moose	0.3367029900274447	3.61	0.0001	0.017857520927477576
S87Q76NA	giraffe	0.3947862240093274	3.32	0.0001	0.04413061592841876
S87Q76NA	whale	0.3579708137959829	3.98	0.0001	0.010279470468758241
S87Q76NA	dolphin	0.460046398175249	3.67	0.1667	0.3941080631535544
S87Q76NA	jellyfish	0.3667363327896111	3.25	0.2857	0.11599251805677913
S87Q76NA	turtle	0.3768215116040685	3.91	0.0001	0.02214372348065894
S87Q76NA	seahorse	0.3498007978594046	2.5	0.0001	0.019415249628936416
S87Q76NA	lizard	0.3026650924536554	3.63	0.0001	-0.0018116628883684672
S87Q76NA	frog	0.4842712319006901	3.89	0.0001	0.0642863338451386
S87Q76NA	bunny	0.4377945906837912	3.88	0.0001	-0.022597331035397007
S87Q76NA	pig	0.4168696186090279	4.14	0.0001	-0.007022056825487018
SENRROOG	dog	0.0001	5.1	0.0001	0.0001
SENRROOG	cat	0.6237586776418724	4.78	0.0001	0.35893628079562917
SENRROOG	rat	0.5271154788076963	4.17	0.6667	0.1742297551735964
SENRROOG	mouse	0.6046930033878715	4.31	0.0001	0.12681184216320365
SENRROOG	crocodile	0.3511212327253968	3.49	0.0001	0.06318775000287422
SENRROOG	giraffe	0.2429021274809136	3.32	0.0001	0.004818830835011548
SENRROOG	hippo	0.512419551841061	3.13	0.0001	0.06885113137918521
SENRROOG	lion	0.3957305202794541	4.25	0.0001	0.17949814661321187
SENRROOG	tiger	0.5287590434181855	4.3	0.25	0.12371332738039009
SENRROOG	elephant	0.5129784205874345	4.08	0.0001	0.013280227685213652
SENRROOG	rabbit	0.3923996692186708	4.05	0.2857	0.013162066509758706
SENRROOG	deer	0.4644780575169953	4.12	0.0001	0.03133793816777728
SENRROOG	moose	0.5255163623440284	3.61	0.0001	0.269974120800524
SENRROOG	bird	0.2762695718732826	4.63	0.0001	0.005113670187339612
SENRROOG	hawk	0.5272089372991033	3.81	0.0001	0.1456859526798213
SENRROOG	zebra	0.3561406623705546	3.4	0.0001	0.14641259098115075
SENRROOG	donkey	0.4317904389176494	3.62	0.0001	-0.04904978824602333
SENRROOG	horse	0.5119833360195963	4.76	0.0001	0.09754547640593848
SENRROOG	mule	0.4953247902892981	3.44	0.0001	0.1698611828528568
SENRROOG	penguin	0.2155512144244784	3.78	0.0001	-0.0013413444609169944
SENRROOG	lemur	0.4422225671235309	2.57	0.0001	-0.019349987570837668
SENRROOG	wolf	0.3375992856637433	4.35	0.0001	0.015566524734103575
SENRROOG	snake	0.424307445327722	4.23	0.0001	0.014785942558790177
SENRROOG	armadillo	0.3777326109341967	2.7	0.0001	0.06293255126692565
T6E9EPOZ	cat	0.0001	4.78	0.0001	0.0001
T6E9EPOZ	dog	0.6237586776418724	5.1	0.0001	0.1891964610456642
T6E9EPOZ	bat	0.4095182347397308	4.3	0.0001	0.06972208692728757
T6E9EPOZ	horse	0.4150246827926021	4.76	0.0001	0.03372713242731207
T6E9EPOZ	cow	0.5537185512529321	4.14	0.0001	0.007375005657768676
T6E9EPOZ	frog	0.4138263034781094	3.89	0.0001	0.030485767839497597
T6E9EPOZ	owl	0.4098666484035695	3.87	0.0001	0.024503030174676813
T6E9EPOZ	axolotl	0.2488828428532571	2.02	0.1	0.07876857651697187
T6E9EPOZ	rabbit	0.2811964178556813	4.05	0.1	0.011225440721031562
T6E9EPOZ	rat	0.5382109861554515	4.17	0.6	0.03169549591609402
T6E9EPOZ	mouse	0.6046930033878715	4.31	0.0001	0.06729272653686212
T6E9EPOZ	squirrel	0.3793123763948514	3.69	0.0001	0.0988460253905419
T6E9EPOZ	bear	0.3344377005604351	4.71	0.0001	0.03407889937615473
T6E9EPOZ	elephant	0.3964942984947869	4.08	0.0001	-0.003992343346098116
T6E9EPOZ	nightingale	0.3389670969333499	3.29	0.0001	-0.01061759216038518
TPWBA9PZ	cat	0.0001	4.78	0.0001	0.0001
TPWBA9PZ	dog	0.6237586776418724	5.1	0.0001	0.50254928433512
TPWBA9PZ	rhino	0.2663482105987116	3.57	0.0001	-0.04281721810779775
TPWBA9PZ	snail	0.2425841615391948	3.67	0.0001	-0.03777800780879126
TPWBA9PZ	goldfish	0.30279173433855	3.28	0.0001	0.014471343646968178
TPWBA9PZ	armadillo	0.2114461873251554	2.7	0.125	0.025368538542721905
TPWBA9PZ	kangaroo	0.4892375441807978	3.5	0.0001	0.07979439312551197
TPWBA9PZ	koala	0.6206977653718412	3.04	0.1667	0.0011895509557345954
TPWBA9PZ	raccoon	0.3725295916949074	3.27	0.0001	0.004953958519889267
U2N1A8VX	dog	0.0001	5.1	0.0001	0.0001
U2N1A8VX	cat	0.6237586776418724	4.78	0.0001	0.2866314507473184
U2N1A8VX	monkey	0.483239564089557	4.07	0.0001	-0.054213522464506336
U2N1A8VX	horse	0.4428983473697278	4.76	0.0001	0.011733222218465683
U2N1A8VX	zebra	0.419710860823885	3.4	0.2	0.010900379587340407
U2N1A8VX	antelope	0.4990129152501417	3.08	0.0001	0.0
U2N1A8VX	anteater	0.5740235702105237	2.28	0.4286	0.0
U2N1A8VX	jaguar	0.3298672055838509	3.51	0.0001	0.0
U2N1A8VX	mustang	0.3861756018110269	3.58	0.0001	-0.0006157819771205579
U2N1A8VX	lion	0.3295039075977453	4.25	0.0001	-0.011285383365880022
U2N1A8VX	fish	0.3216308285246929	4.9	0.0001	0.010997773614961138
U2N1A8VX	clownfish	0.5110230930369561	2.18	0.4286	0.0
U2N1A8VX	dolphin	0.381819136915411	3.67	0.1429	0.0
U2N1A8VX	whale	0.460046398175249	3.98	0.1667	0.11316948663012405
U2N1A8VX	mule	0.2967952557778348	3.44	0.25	-0.0021550855828880123
U2N1A8VX	chicken	0.2534492604418995	4.63	0.0001	-0.025564525693236376
U2N1A8VX	rooster	0.6102020858305408	3.31	0.0001	0.04400288617875509
U7RW6MVC	whale	0.0001	3.98	0.0001	0.0001
U7RW6MVC	mouse	0.2960914183764398	4.31	0.0001	0.023919311587092054
U7RW6MVC	lion	0.3485297835649301	4.25	0.0001	0.05381964041142618
U7RW6MVC	cat	0.4466598206998501	4.78	0.0001	0.14482724513543702
U7RW6MVC	dog	0.6237586776418724	5.1	0.0001	0.4855909514848605
U7RW6MVC	dolphin	0.3260914534597956	3.67	0.1667	0.010681595993024293
U7RW6MVC	lemur	0.3752861954593065	2.57	0.1667	0.002008597793545474
U7RW6MVC	monkey	0.4959759579529137	4.07	0.0001	-0.05066583771987698
U7RW6MVC	gorilla	0.5429598812111095	3.62	0.0001	0.017961642127338216
U7RW6MVC	hamster	0.3731176052835626	3.31	0.0001	-0.11090042571367399
U7RW6MVC	lizard	0.4009274337678674	3.63	0.0001	0.0027905114734822563
U7RW6MVC	iguana	0.6742757649334065	2.74	0.0001	0.015798485264753828
U7RW6MVC	cheetah	0.3369739715205627	3.2	0.1667	-0.0034261454776084456
U7RW6MVC	anaconda	0.4438064490558426	2.97	0.125	0.022581049793066344
U7RW6MVC	fish	0.2242081178219669	4.9	0.0001	-0.018474800560668046
U7RW6MVC	bird	0.4946106208867136	4.63	0.0001	0.05140610200205143
U7RW6MVC	hedgehog	0.3190482420933835	3.25	0.0001	0.049772717738345455
U7RW6MVC	boar	0.332380616658573	3.3	0.0001	0.012712204019798787
U7RW6MVC	cow	0.3328216040916079	4.14	0.0001	-0.004509402657919371
U7RW6MVC	horse	0.5537185512529321	4.76	0.0001	0.057472209588939574
U7RW6MVC	pig	0.4668289018950373	4.14	0.0001	0.056594711263279876
U7RW6MVC	mole	0.3210653644139745	3.67	0.0001	-0.007918569094366952
U7RW6MVC	rabbit	0.3214269251726889	4.05	0.0001	0.015725828320272854
U7RW6MVC	rooster	0.3693519318196373	3.31	0.2	0.008775832254278288
U7RW6MVC	donkey	0.3363571656479889	3.62	0.0001	0.03868215079714518
U7RW6MVC	sheep	0.3403024194902884	4.19	0.0001	0.003636971599519625
U7RW6MVC	bat	0.2594674286395493	4.3	0.0001	0.07140304109918079
UIBPJL1Q	elephant	0.0001	4.08	0.0001	0.0001
UIBPJL1Q	beaver	0.2949132375140693	3.61	0.0001	0.008380042624114322
UIBPJL1Q	squirrel	0.4356114986711564	3.69	0.0001	-0.044841680290649735
UIBPJL1Q	cat	0.4034563698965544	4.78	0.1667	0.10588837566179163
UIBPJL1Q	dog	0.6237586776418724	5.1	0.0001	0.25540217054992664
UIBPJL1Q	bird	0.4898540038326706	4.63	0.0001	0.06948002191893438
UIBPJL1Q	mouse	0.4435826181267303	4.31	0.0001	0.0455427294700271
UIBPJL1Q	rat	0.6046930033878715	4.17	0.0001	0.017412819691319463
UIBPJL1Q	zebra	0.3808021543513769	3.4	0.0001	0.004290371395761487
UIBPJL1Q	lion	0.4470930196330995	4.25	0.0001	0.0013545832972064462
UIBPJL1Q	turtle	0.3497032171296457	3.91	0.2	0.07622274240424586
UIBPJL1Q	deer	0.2743392054278422	4.12	0.0001	0.07914976868585924
UIBPJL1Q	tick	0.326801415023525	3.8	0.3333	0.009654660173178788
UIBPJL1Q	flea	0.4111325700821097	3.42	0.0001	0.011113244178898486
UIBPJL1Q	horse	0.2781971754544545	4.76	0.0001	0.025472411128465548
UIBPJL1Q	pig	0.4668289018950373	4.14	0.0001	0.044105085840557355
UIBPJL1Q	sheep	0.4346000005916766	4.19	0.0001	0.10994868526107912
UIBPJL1Q	cow	0.4888310248532248	4.14	0.0001	0.09417050100025676
UIBPJL1Q	lamb	0.4465323243969809	4.02	0.0001	0.043247823031163236
UIBPJL1Q	squid	0.3221852442087443	3.44	0.0001	-0.0007845836287711173
UIBPJL1Q	whale	0.4065391056714793	3.98	0.2	0.03305394063153932
UIBPJL1Q	dolphin	0.460046398175249	3.67	0.1667	0.1444393737489392
UIBPJL1Q	octopus	0.4018274367542011	3.46	0.1429	0.03355966372138768
UIBPJL1Q	fish	0.4286758971171304	4.9	0.0001	0.08643603968914847
UIBPJL1Q	shark	0.5343008496832359	4.1	0.0001	0.18676484402059093
UVAI5SO9	guinea pig	0.0001	3.8	0.0001	0.0001
UVAI5SO9	lion	0.337315946253896	4.25	0.1	0.0001
UVAI5SO9	zebra	0.4470930196330995	3.4	0.0001	-0.00031339059449402376
UVAI5SO9	squirrel	0.3445890608739577	3.69	0.1667	0.02931013358133992
UVAI5SO9	cat	0.4034563698965544	4.78	0.1667	0.02845994968666968
UVAI5SO9	dog	0.6237586776418724	5.1	0.0001	0.33012875494930444
UVAI5SO9	fish	0.5082364880357054	4.9	0.0001	0.003818920951592812
UVAI5SO9	antelope	0.2413513211946671	3.08	0.0001	0.0
UVAI5SO9	spider	0.319528908967194	4.25	0.0001	0.0
UVAI5SO9	mosquito	0.3987911809245854	3.61	0.1429	0.03697788557238127
UVAI5SO9	fly	0.3353643192892691	4.75	0.0001	0.03789721890566448
UVAI5SO9	goat	0.316326211699218	4.02	0.0001	-0.010056250516521443
UVAI5SO9	donkey	0.4425914946954784	3.62	0.0001	0.013559225822909225
UVAI5SO9	mule	0.5233868072309256	3.44	0.0001	0.0
UVAI5SO9	camel	0.5206095962714496	3.64	0.2	0.0
UVAI5SO9	alligator	0.3027541110108642	3.32	0.1429	0.0
UVAI5SO9	crocodile	0.7675973157183913	3.49	0.0001	0.0
UVAI5SO9	bear	0.3830246730087325	4.71	0.0001	0.0
UVAI5SO9	black bear	0.7730057494990065	4.64	0.4286	0.0001
UVAI5SO9	brown bear	0.8001509600887895	4.53	0.5714	0.0001
UVAI5SO9	polar bear	0.6380856531813487	3.89	0.4286	0.0001
UVAI5SO9	kodiak bear	0.6905389552200432	2.66	0.4444	0.0001
UVAI5SO9	lizard	0.3309097814796031	3.63	0.0001	0.0001
UVAI5SO9	salamander	0.5928413738942232	2.76	0.2222	0.0
UVAI5SO9	frog	0.5408249722271008	3.89	0.0001	0.0
UVAI5SO9	toad	0.6834819483409336	3.34	0.0001	0.0
UVAI5SO9	horse	0.3497417719627311	4.76	0.0001	0.0
UVAI5SO9	oyster	0.2941727088560446	3.54	0.0001	-0.0275714965636105
UVAI5SO9	clam	0.5754170100342376	3.22	0.0001	-0.00851054115590727
UVAI5SO9	scallop	0.5437449582471847	2.75	0.3333	0.0001
UVAI5SO9	worm	0.2629106296551839	3.77	0.0001	0.0001
VJJ2VCIY	goat	0.0001	4.02	0.0001	0.0001
VJJ2VCIY	chicken	0.3768896505737327	4.63	0.0001	0.09131010783347253
VJJ2VCIY	cow	0.4835791880000102	4.14	0.2	0.09319148852841612
VJJ2VCIY	sheep	0.4888310248532248	4.19	0.0001	0.02153266269456945
VJJ2VCIY	dog	0.3712644760274657	5.1	0.0001	0.04216820797270872
VJJ2VCIY	cat	0.6237586776418724	4.78	0.0001	0.2778730683268321
VJJ2VCIY	rat	0.5271154788076963	4.17	0.6667	0.04166350956166529
VJJ2VCIY	mosquito	0.292491173961191	3.61	0.1429	0.03479821043342652
VJJ2VCIY	ant	0.436541727967745	3.86	0.1429	0.010237975426143959
VJJ2VCIY	leopard	0.2528609159202641	3.59	0.0001	-0.007007731137591831
VJJ2VCIY	tiger	0.5404639920734413	4.3	0.2	0.045439870502623825
VJJ2VCIY	cheetah	0.4710965836328509	3.2	0.0001	0.027838133449125703
VJJ2VCIY	lion	0.4762776968906765	4.25	0.0001	0.04970996213089707
VJJ2VCIY	elephant	0.5054773378551576	4.08	0.4286	0.08693798720015823
VJJ2VCIY	giraffe	0.5317287512193349	3.32	0.1429	0.11307395088821172
VJJ2VCIY	panther	0.3375544932943226	3.65	0.0001	-0.02351501459279321
VJJ2VCIY	fox	0.3964287034551956	4.66	0.0001	0.0007488995732371515
VJJ2VCIY	hippo	0.1085624215130187	3.13	0.0001	-0.018059329010852786
VJJ2VCIY	snake	0.3667262540300606	4.23	0.0001	0.015023105609083796
VNHTSXTP	zebra	0.0001	3.4	0.0001	0.0001
VNHTSXTP	giraffe	0.4528724633327149	3.32	0.0001	0.09835503616383207
VNHTSXTP	cat	0.3102734574517428	4.78	0.25	0.072234170261313
VNHTSXTP	dog	0.6237586776418724	5.1	0.0001	0.28934530999398356
VNHTSXTP	pig	0.4517392663990121	4.14	0.3333	0.08778727612631758
VNHTSXTP	rooster	0.3915588685100939	3.31	0.0001	0.05281526349958852
VNHTSXTP	hen	0.680004303664276	3.56	0.0001	0.11187630042627955
VNHTSXTP	chicken	0.6312529897366921	4.63	0.2	0.09887769300763075
VNHTSXTP	rhinoceros	0.3137036147913362	2.85	0.125	0.008697789990649948
VNHTSXTP	monkey	0.3652951172375809	4.07	0.0001	-0.030444617249470465
VNHTSXTP	prairie dog	0.2276991622128266	3.68	0.125	0.0001
VNHTSXTP	inchworm	0.2222216748189578	1.56	0.0001	0.0001
VNHTSXTP	worm	0.4771249874064259	3.77	0.5	0.000461964424206317
VNHTSXTP	beetle	0.4206572736963463	3.53	0.0001	-0.05865046583502856
VNHTSXTP	snake	0.2999767311024205	4.23	0.0001	0.036023544619559415
VNHTSXTP	spider	0.4399612910381771	4.25	0.2	0.1455197623274327
VNHTSXTP	mosquito	0.3987911809245854	3.61	0.1429	0.09443143756056158
VNHTSXTP	ladybug	0.4283491329831905	2.67	0.0001	-0.0016763029418295548
VNHTSXTP	termite	0.3582917630598505	2.78	0.0001	-0.007289387137519761
VNHTSXTP	ant	0.4922082678224725	3.86	0.2	0.052211377457249214
VNHTSXTP	frog	0.3223651550787274	3.89	0.0001	0.06539935035499955
VNHTSXTP	gecko	0.3762813575999244	2.91	0.0001	0.14052362876997776
VNHTSXTP	lizard	0.6375777966666752	3.63	0.0001	0.08467849899543319
VNHTSXTP	turkey	0.2200183229954454	4.56	0.0001	0.02539298034645091
VNHTSXTP	anteater	0.2710115814893247	2.28	0.1667	-0.09320778719123259
VNSY2V6A	dog	0.0001	5.1	0.0001	0.0001
VNSY2V6A	cat	0.6237586776418724	4.78	0.0001	0.1424853090933796
VNSY2V6A	bird	0.5016037867066757	4.63	0.0001	0.010603145056651296
VNSY2V6A	giraffe	0.3764119801991015	3.32	0.0001	0.08614024471396148
VNSY2V6A	tiger	0.2876752655705705	4.3	0.0001	0.12453298056431487
VNSY2V6A	lion	0.5287590434181855	4.25	0.25	0.08906163329181352
VNSY2V6A	camel	0.3509270632642089	3.64	0.2	-0.013032486587205377
VNSY2V6A	spider	0.3332073827623126	4.25	0.0001	-0.00945615324211876
VNSY2V6A	elephant	0.4030854897362275	4.08	0.0001	0.025640507061137737
VNSY2V6A	fish	0.3516731977553307	4.9	0.1429	0.0357624972940655
VNSY2V6A	shark	0.5343008496832359	4.1	0.0001	0.07692318888886239
VNSY2V6A	whale	0.4783327474667829	3.98	0.0001	0.37634471603047903
VNSY2V6A	penguin	0.4375643744332383	3.78	0.1429	0.1370295490866358
VNSY2V6A	brown bear	0.2931210770267631	4.53	0.0001	0.0001
W6Z3Y3K6	dog	0.0001	5.1	0.0001	0.0001
W6Z3Y3K6	cat	0.6237586776418724	4.78	0.0001	0.39429246557265124
W6Z3Y3K6	penguin	0.4012420327399129	3.78	0.0001	-0.02690362039279637
W6Z3Y3K6	seal	0.3841707083290089	4.3	0.0001	0.01004394518373083
W6Z3Y3K6	sea lion	0.5033885882394009	4.19	0.5	0.0001
W6Z3Y3K6	whale	0.5322043837402474	3.98	0.1667	0.0001
W6Z3Y3K6	dolphin	0.460046398175249	3.67	0.1667	0.11674552050779306
W6Z3Y3K6	monkey	0.3925343602767207	4.07	0.0001	0.046843271204342805
W6Z3Y3K6	zebra	0.4621224278619789	3.4	0.0001	0.031391389441053984
W6Z3Y3K6	horse	0.419710860823885	4.76	0.2	0.16068799445926749
W6Z3Y3K6	penguin	0.3463867044020063	3.78	0.0001	0.0005406971022044511
W6Z3Y3K6	hyrax	0.1114036508049909	1.56	0.0001	0.08435650336412151
W6Z3Y3K6	capybara	0.0937211336114602	2.15	0.1111	-0.13702019015306435
W6Z3Y3K6	lemur	0.5209056570702002	2.57	0.0001	0.0005503438257390889
W6Z3Y3K6	lemming	0.389097306567848	2.33	0.4	0.12813285837289026
W6Z3Y3K6	owl	0.402487385749369	3.87	0.0001	0.026970438064610355
W6Z3Y3K6	lion	0.3967246870701935	4.25	0.0001	0.016768049723800745
W6Z3Y3K6	jaguar	0.4344251423448986	3.51	0.0001	3.162009423578953e-05
W6Z3Y3K6	tiger	0.4587286106909373	4.3	0.1667	0.033635880287850105
W6Z3Y3K6	eagle	0.3942502076810811	4.13	0.0001	0.019097020844463897
W6Z3Y3K6	turtle	0.3174635049373011	3.91	0.4	0.04890045588775181
W6Z3Y3K6	alligator	0.4477027836367555	3.32	0.0001	0.16635127414949843
W6Z3Y3K6	crocodile	0.7675973157183913	3.49	0.0001	0.12113882392311964
WU4Q5VLP	dog	0.0001	5.1	0.0001	0.0001
WU4Q5VLP	cat	0.6237586776418724	4.78	0.0001	0.46579223768143907
WU4Q5VLP	mouse	0.5705879372676009	4.31	0.0001	0.24935392051275057
WU4Q5VLP	elephant	0.3644333920546838	4.08	0.0001	0.049855467466354476
WU4Q5VLP	goldfish	0.3219437972497485	3.28	0.1429	0.07573348780561591
WU4Q5VLP	otter	0.2646995439331842	3.37	0.0001	0.06471950812273362
WU4Q5VLP	whale	0.3253623705306815	3.98	0.0001	0.023375318298205897
WU4Q5VLP	iguana	0.1717592340676158	2.74	0.1667	0.03354372913366149
WU4Q5VLP	cockroach	0.2648039547847414	3.16	0.0001	-0.013170640497970232
WU4Q5VLP	ant	0.4738413806692596	3.86	0.0001	0.13056420158155138
WU4Q5VLP	spider	0.420240231667779	4.25	0.0001	0.08443721892396569
WU4Q5VLP	dolphin	0.2853566851680128	3.67	0.0001	0.052502382114262794
WU4Q5VLP	lemur	0.3752861954593065	2.57	0.1667	0.028926107556036116
WU4Q5VLP	camel	0.2998348666475356	3.64	0.2	0.01361645019550363
WU4Q5VLP	toad	0.2818081144832323	3.34	0.0001	0.10957628585006451
WU4Q5VLP	frog	0.6834819483409336	3.89	0.0001	0.16385756323220363
WU4Q5VLP	gecko	0.3762813575999244	2.91	0.0001	0.016989594199226375
WU4Q5VLP	chameleon	0.474414517907874	3.1	0.125	0.08880938165175985
WU4Q5VLP	bird	0.2990978059338209	4.63	0.0001	0.042104488323940245
WU4Q5VLP	eagle	0.4946928053227808	4.13	0.0001	0.15303117176612463
WU4Q5VLP	egret	0.406532730095664	2.32	0.4	0.016672096251205294
WU4Q5VLP	snake	0.2635598348377166	4.23	0.0001	0.0321912413970186
WU4Q5VLP	bunny	0.4653878253936441	3.88	0.0001	0.04720015398588508
WU4Q5VLP	mouse	0.4313026715777359	4.31	0.0001	0.07286516912093892
WU4Q5VLP	rat	0.6046930033878715	4.17	0.0001	0.1554239125102048
WU4Q5VLP	owl	0.4082608102761349	3.87	0.0001	0.04044423400788301
WU4Q5VLP	sheep	0.3935970164439252	4.19	0.0001	0.04469777855820075
WU4Q5VLP	goat	0.4983837193760216	4.02	0.0001	0.34482478792063315
XAA8CS8F	dog	0.0001	5.1	0.0001	0.0001
XAA8CS8F	cat	0.6237586776418724	4.78	0.0001	0.24572884364975567
XAA8CS8F	squirrel	0.4034563698965544	3.69	0.1667	0.098168398110268
XAA8CS8F	mouse	0.3793123763948514	4.31	0.0001	0.05723898529722862
XAA8CS8F	chipmunk	0.4564550096106656	2.74	0.1429	-0.01681722505124582
XAA8CS8F	bird	0.4300311790139484	4.63	0.0001	0.11448804343165858
XAA8CS8F	shark	0.3626346803801381	4.1	0.0001	0.0431246564720967
XAA8CS8F	snail	0.4092675066647426	3.67	0.0001	0.07874886561031229
XAA8CS8F	fish	0.3970206052134093	4.9	0.0001	-0.012708509627634004
XAA8CS8F	whale	0.4884778216597922	3.98	0.0001	0.004406273723315585
XAA8CS8F	hamster	0.255163348757611	3.31	0.0001	0.0020980232936501754
XAA8CS8F	pig	0.3671296425722508	4.14	0.0001	0.002280243219892407
XAA8CS8F	cow	0.5070622080559183	4.14	0.0001	0.004869317358982618
XAA8CS8F	sheep	0.4888310248532248	4.19	0.0001	0.027295742758995392
XAA8CS8F	lamb	0.6208552944936162	4.02	0.0001	0.008461568935763854
XAA8CS8F	coyote	0.2851449677729558	3.36	0.0001	-0.035572085229116965
XI93MR3J	cat	0.0001	4.78	0.0001	0.0001
XI93MR3J	dog	0.6237586776418724	5.1	0.0001	0.4822282770072348
XI93MR3J	cow	0.4576850906434975	4.14	0.0001	0.01916293095745638
XI93MR3J	deer	0.4250415959073765	4.12	0.0001	0.2245993280895221
XI93MR3J	moose	0.5255163623440284	3.61	0.0001	0.22746966321101542
XI93MR3J	frog	0.3499838552665278	3.89	0.0001	-0.0007007396965986039
XI93MR3J	fish	0.4198267496825392	4.9	0.25	0.004622244457620508
XI93MR3J	horse	0.4863240253308862	4.76	0.0001	0.03044030604555927
XI93MR3J	donkey	0.5119833360195963	3.62	0.0001	0.12416607573078635
XI93MR3J	flea	0.2817737625363226	3.42	0.0001	-0.031910060269996425
XI93MR3J	dinosaur	0.2653415194557755	3.77	0.0001	0.020409089478766143
XI93MR3J	falcon	0.3551927984559695	3.74	0.0001	0.021834595938791803
XI93MR3J	eagle	0.5331691532450329	4.13	0.1667	-0.005451226655185943
XI93MR3J	snake	0.3851522659986562	4.23	0.0001	0.07832536467169128
XI93MR3J	chicken	0.4182930592625088	4.63	0.0001	0.05954626469947449
XI93MR3J	ostrich	0.4482799714966667	3.05	0.0001	0.08406244636117365
XI93MR3J	zebra	0.3111074934396695	3.4	0.1667	0.06341794142801221
XILQXDX5	fox	0.0001	4.66	0.0001	0.0001
XILQXDX5	cow	0.3234681494565732	4.14	0.25	-0.007935860723200355
XILQXDX5	capybara	0.2105593839018048	2.15	0.1111	-0.022285340790394983
XILQXDX5	panda	0.2358521081325097	3.65	0.2222	-0.022566032230936735
XILQXDX5	mouse	0.2502790441383706	4.31	0.0001	0.026138639540062958
XILQXDX5	rat	0.6046930033878715	4.17	0.0001	0.2305070007041033
XILQXDX5	hyrax	0.0908015154366541	1.56	0.3333	0.0
XILQXDX5	whale	0.1591157743711136	3.98	0.0001	0.0
XILQXDX5	shark	0.4783327474667829	4.1	0.0001	0.15808195090015245
XILQXDX5	fish	0.5343008496832359	4.9	0.0001	0.17533907011590744
XILQXDX5	scorpion	0.2828750952494306	3.37	0.0001	0.02135308691584259
XILQXDX5	eagle	0.397884570435069	4.13	0.125	0.08515980469727454
XILQXDX5	owl	0.4556973480659205	3.87	0.25	0.26614378467147626
XILQXDX5	robin	0.3504810686323817	4.33	0.0001	0.07552040265137776
XILQXDX5	snake	0.3204982008928043	4.23	0.0001	0.014018005884920451
XILQXDX5	lion	0.332235612072057	4.25	0.0001	0.09396856714872441
XILQXDX5	tiger	0.5287590434181855	4.3	0.25	0.1036238842764054
XILQXDX5	raven	0.2764218130497146	3.79	0.0001	0.04793211649093631
XILQXDX5	guinea pig	0.25285180046024	3.8	0.1	0.0001
XILQXDX5	pig	0.5860965299530718	4.14	0.1	0.0001
XILQXDX5	sheep	0.4346000005916766	4.19	0.0001	0.06790085825549082
XILQXDX5	lamb	0.6208552944936162	4.02	0.0001	0.06055333563018627
XILQXDX5	parrot	0.269091867569337	3.49	0.0001	0.04439962837676681
XILQXDX5	turtle	0.3761642555827726	3.91	0.2	0.10197843427251237
XILQXDX5	rabbit	0.4029595381133224	4.05	0.2	-0.0051037673274545265
XILQXDX5	seal	0.3000822048866236	4.3	0.0001	-0.04232744738578061
XILQXDX5	sea lion	0.5033885882394009	4.19	0.5	0.0001
XILQXDX5	crab	0.3867136107649273	3.76	0.0001	0.0001
XILQXDX5	lobster	0.6546572033695247	3.65	0.0001	0.026198031560232267
XILQXDX5	nematode	0.3040047986716757	2.57	0.1429	0.012025074290215433
XILQXDX5	sponge	0.3614292308410139	3.59	0.0001	0.043656933426560546
XILQXDX5	worm	0.2811200776073244	3.77	0.0001	0.08751568788904297
XILQXDX5	fly	0.4120286594479424	4.75	0.0001	0.1018509660504864
XJF7RLTQ	lemur	0.0001	2.57	0.0001	0.0001
XJF7RLTQ	monkey	0.4959759579529137	4.07	0.0001	0.002525873771219975
XJF7RLTQ	ape	0.6734808024803075	3.48	0.0001	0.013855785695620496
XJF7RLTQ	gorilla	0.6798238428672174	3.62	0.0001	-0.006367970420981812
XJF7RLTQ	bat	0.3221620526200454	4.3	0.0001	-0.008546909801923333
XJF7RLTQ	spider	0.4836927735412532	4.25	0.0001	0.025828381747722277
XJF7RLTQ	lion	0.3176551412548007	4.25	0.2	0.03345318404289815
XJF7RLTQ	elephant	0.5054773378551576	4.08	0.4286	0.07450177635160568
XJF7RLTQ	frog	0.3229271970020043	3.89	0.1429	0.04854687848904052
XJF7RLTQ	snake	0.4505387073234619	4.23	0.0001	0.0008013534658565736
XJF7RLTQ	sheep	0.3536392317570364	4.19	0.0001	-0.0009551188552008869
XJF7RLTQ	toad	0.1820503901754688	3.34	0.0001	0.028209931067727147
XJF7RLTQ	alligator	0.4540009162779456	3.32	0.0001	-0.0031069899539643113
XJF7RLTQ	goat	0.313850444256636	4.02	0.2857	0.42656961937188576
XJF7RLTQ	turtle	0.3060208084415484	3.91	0.2	-0.00865929961866945
XJF7RLTQ	bird	0.3977792126971193	4.63	0.2	-0.051171933732258465
XJF7RLTQ	swan	0.4335349785191111	3.84	0.0001	0.011749769769132954
XJF7RLTQ	fish	0.3258739667273669	4.9	0.0001	0.010037749815073715
XJF7RLTQ	seal	0.298762765673974	4.3	0.0001	0.08680594369642504
XJF7RLTQ	whale	0.4231381360420028	3.98	0.3333	0.060965135158874
XJF7RLTQ	shark	0.4783327474667829	4.1	0.0001	0.026623516346244425
XV9JV4CP	dog	0.0001	5.1	0.0001	0.0001
XV9JV4CP	cat	0.6237586776418724	4.78	0.0001	0.32316066724297854
XV9JV4CP	fish	0.4610633754267154	4.9	0.0001	0.11840192830792548
XV9JV4CP	bird	0.4946106208867136	4.63	0.0001	0.09287561598315526
XV9JV4CP	hamster	0.4327864454158678	3.31	0.0001	0.115580286030695
XV9JV4CP	gerbil	0.6225326675295295	2.44	0.0001	0.2760664463349957
XV9JV4CP	pig	0.3340262087233629	4.14	0.1667	0.004760493915246158
XV9JV4CP	cow	0.5070622080559183	4.14	0.0001	0.06113465100919879
XV9JV4CP	sheep	0.4888310248532248	4.19	0.0001	0.042241121016440106
XV9JV4CP	lamb	0.6208552944936162	4.02	0.0001	0.05028627173658226
XV9JV4CP	chicken	0.4742115125355965	4.63	0.0001	0.40973350479811677
XV9JV4CP	rooster	0.6102020858305408	3.31	0.0001	0.06897366679837359
XV9JV4CP	hen	0.680004303664276	3.56	0.0001	-0.0010448446768867178
XV9JV4CP	giraffe	0.2668639391247862	3.32	0.0001	-0.041691489155542556
XV9JV4CP	gorilla	0.387173713001127	3.62	0.2	0.04905869952425722
XV9JV4CP	chimpanzee	0.6267826282198109	2.96	0.0001	0.007089864273768743
XV9JV4CP	shark	0.3136496157779734	4.1	0.0001	0.021939439120253344
XV9JV4CP	whale	0.4783327474667829	3.98	0.0001	0.0649615048768258
XV9JV4CP	polar bear	0.4125992887833837	3.89	0.1429	0.0001
XV9JV4CP	grizzly bear	0.6921728796326783	3.26	0.4444	0.0001
XV9JV4CP	bear	0.7579376142989169	4.71	0.3333	0.0001
XV9JV4CP	black bear	0.7730057494990065	4.64	0.4286	0.0001
XV9JV4CP	salmon	0.3682830542072233	4.01	0.1429	0.0001
XV9JV4CP	trout	0.5937129381197094	3.78	0.0001	0.04612222920017711
XV9JV4CP	eagle	0.2770459931220299	4.13	0.0001	0.01529331607711528
XV9JV4CP	snake	0.3851522659986562	4.23	0.0001	0.004660667416503741
XV9JV4CP	rat	0.5229016968033144	4.17	0.0001	0.03316570812751554
XV9JV4CP	mouse	0.6046930033878715	4.31	0.0001	0.07781826934762108
Y0GQPG0K	cat	0.0001	4.78	0.0001	0.0001
Y0GQPG0K	dog	0.6237586776418724	5.1	0.0001	0.317642061517635
Y0GQPG0K	raccoon	0.2977544134631557	3.27	0.0001	0.09147956537776579
Y0GQPG0K	lion	0.3699811873310885	4.25	0.2	0.04901005736023958
Y0GQPG0K	tiger	0.5287590434181855	4.3	0.25	0.14104113485487868
Y0GQPG0K	gazelle	0.2641729908565259	2.87	0.0001	-0.005436184676330511
Y0GQPG0K	zebra	0.4521601595662625	3.4	0.0001	0.002286029342116211
Y0GQPG0K	squirrel	0.3445890608739577	3.69	0.1667	-0.0034869734782161876
Y0GQPG0K	robin	0.2790544376154507	4.33	0.1667	0.05880363626761187
Y0GQPG0K	snake	0.3204982008928043	4.23	0.0001	0.019485263784447582
Y0GQPG0K	human	0.338401538516216	5.35	0.0001	0.006736092263990283
Y0GQPG0K	parrot	0.3265517068288377	3.49	0.1667	0.010575914635289873
Y0GQPG0K	blue jay	0.3161212789506438	4.31	0.0001	0.0001
Y0GQPG0K	falcon	0.3534965791464607	3.74	0.1667	0.0001
Y0GQPG0K	eagle	0.5331691532450329	4.13	0.1667	0.04887309735025294
Y0GQPG0K	capybara	0.2551744194621771	2.15	0.0001	0.002289149259890218
Y0GQPG0K	moose	0.3501110765424742	3.61	0.0001	0.020602698133308645
Y0GQPG0K	deer	0.5255163623440284	4.12	0.0001	0.3587192427823739
Y0GQPG0K	bear	0.4216487799750541	4.71	0.3333	0.09315740207620184
Y0GQPG0K	fox	0.3364377107487428	4.66	0.0001	0.008649361331773358
Y0GQPG0K	vole	0.2929882080118351	2.64	0.0001	0.006431448266636886
Y0GQPG0K	mole	0.290805793496763	3.67	0.5	0.04145292197174726
Y0GQPG0K	chicken	0.2943176269618422	4.63	0.0001	0.010816132207285256
Y0GQPG0K	pig	0.4295279429259016	4.14	0.2	0.22811265900666455
Y0GQPG0K	cow	0.5070622080559183	4.14	0.0001	0.31949866071909666
Y0GQPG0K	hen	0.4492121291931581	3.56	0.0001	-0.020593414730388303
Y0GQPG0K	rooster	0.680004303664276	3.31	0.0001	0.21313798441323983
Y0GQPG0K	duck	0.3939191421825365	4.21	0.0001	0.027142194283047948
Y0GQPG0K	goose	0.6371378990469865	3.84	0.0001	0.06749505320397221
YDKEN7JY	hippo	0.0001	3.13	0.0001	0.0001
YDKEN7JY	pig	0.38342736000944	4.14	0.25	0.03590804948937043
YDKEN7JY	polar bear	0.2652450849180927	3.89	0.1429	0.0001
YDKEN7JY	grizzly bear	0.6921728796326783	3.26	0.4444	0.0001
YDKEN7JY	goldfish	0.3373881796471665	3.28	0.2222	0.0001
YDKEN7JY	penguin	0.3881009842472337	3.78	0.0001	0.0031745941331244435
YDKEN7JY	moose	0.3703771146818276	3.61	0.0001	0.06511511447505791
YDKEN7JY	deer	0.5255163623440284	4.12	0.0001	0.023958695166189002
YDKEN7JY	snake	0.3732036593449379	4.23	0.0001	0.0030870957301466235
YDKEN7JY	shark	0.373720936503342	4.1	0.25	0.026474337643112456
YDKEN7JY	dog	0.4052928891352629	5.1	0.0001	0.27890844834746414
YDKEN7JY	cat	0.6237586776418724	4.78	0.0001	0.5020678665034051
YDKEN7JY	rabbit	0.5138496014322029	4.05	0.4	0.07394896003615849
YDKEN7JY	boar	0.3733059091476267	3.3	0.2	0.014499684228302284
YDKEN7JY	hyena	0.3913703770387988	2.8	0.0001	0.027910520575771126
YDKEN7JY	jackal	0.4007478291855997	2.87	0.0001	0.0073203470114703946
YDKEN7JY	javelina	0.3761944026330851	1.56	0.125	0.0
YDKEN7JY	scorpion	0.2778734122768094	3.37	0.0001	0.0
YDKEN7JY	armadillo	0.3257927699260592	2.7	0.0001	0.020739002039280443
YDKEN7JY	beaver	0.3732676809118255	3.61	0.0001	0.015158264512128915
YDKEN7JY	manatee	0.4467443385399074	2.74	0.0001	-0.026789894827758627
YDKEN7JY	seahorse	0.56868340340111	2.5	0.0001	0.018240072211104536
YDKEN7JY	swordfish	0.4554429169858572	2.67	0.1429	0.021181852297954475
YDKEN7JY	walrus	0.4179940374115589	2.98	0.1429	-0.022599384123160007
YMQ1DC06	panda	0.0001	3.65	0.0001	0.0001
YMQ1DC06	tiger	0.4286268357173542	4.3	0.0001	0.06949309334811393
YMQ1DC06	dragon	0.511767514621738	4.41	0.1667	0.20514546542782375
YMQ1DC06	dog	0.4301193072961637	5.1	0.3333	0.08892875757815136
YMQ1DC06	cat	0.6237586776418724	4.78	0.0001	0.41331776626017835
YMQ1DC06	moose	0.3384369573536383	3.61	0.0001	0.09863560832533054
YMQ1DC06	deer	0.5255163623440284	4.12	0.0001	0.3821719869681325
YMQ1DC06	cow	0.4250415959073765	4.14	0.0001	0.16535409759498174
YMQ1DC06	iguana	0.3170914032058813	2.74	0.0001	0.07497095375267214
YMQ1DC06	hippo	0.3197339599830433	3.13	0.0001	0.047121247507436514
YMQ1DC06	penguin	0.4004568278530174	3.78	0.0001	0.0011595636568567857
YMQ1DC06	turtle	0.3470136467668532	3.91	0.1429	0.02562686778676198
YMQ1DC06	goldfish	0.4039098033599111	3.28	0.0001	0.118516233645623
YMQ1DC06	parrot	0.3613337811918304	3.49	0.0001	0.054658092684089575
YMQ1DC06	mouse	0.2728503392913235	4.31	0.0001	0.02466068895192261
YMQ1DC06	horse	0.4055574068921512	4.76	0.25	0.03906305637131005
YP5UHRSA	cat	0.0001	4.78	0.0001	0.0001
YP5UHRSA	dog	0.6237586776418724	5.1	0.0001	0.5579867965097194
YP5UHRSA	horse	0.5956302472299828	4.76	0.25	0.11240720563768421
YP5UHRSA	sheep	0.4918044951808784	4.19	0.0001	0.07156461071543495
YP5UHRSA	pig	0.4346000005916766	4.14	0.0001	0.14906057160844305
YP5UHRSA	mouse	0.3528472607678787	4.31	0.0001	0.024010514455955024
YP5UHRSA	rat	0.6046930033878715	4.17	0.0001	0.10239500623354361
YP5UHRSA	ferret	0.4854494914217819	3.01	0.4	0.08987237596288661
YP5UHRSA	hamster	0.4955654191033265	3.31	0.1667	0.17916568595976337
YP5UHRSA	guinea pig	0.6165143748468315	3.8	0.0001	0.0001
YP5UHRSA	iguana	0.3826719978640911	2.74	0.0001	0.0001
YP5UHRSA	lizard	0.6742757649334065	3.63	0.0001	0.022962470183072476
YP5UHRSA	salamander	0.5928413738942232	2.76	0.2222	0.04861777139068416
YP5UHRSA	snake	0.4994334557932178	4.23	0.2222	0.03590332920396612
YP5UHRSA	toucan	0.220190323735935	2.36	0.1429	-0.007114224627756993
YP5UHRSA	parrot	0.4963793199618792	3.49	0.0001	0.07348023581338832
YP5UHRSA	bird	0.5972170069185448	4.63	0.0001	0.24931095386417268
YP5UHRSA	chicken	0.5380033785601342	4.63	0.0001	0.02037756785786331
YP5UHRSA	tiger	0.3362867580575925	4.3	0.0001	0.03924129724241951
YP5UHRSA	lion	0.5287590434181855	4.25	0.25	0.3684927372114468
YP5UHRSA	fox	0.3294483614875055	4.66	0.0001	0.006519408953367051
YP5UHRSA	coyote	0.4381869922896049	3.36	0.0001	0.049474847716323996
YP5UHRSA	bear	0.3566827056204724	4.71	0.0001	0.17660017140749648
YP5UHRSA	llama	0.3352301219435938	2.95	0.0001	0.08138238291574446
YP5UHRSA	camel	0.4513604955488924	3.64	0.4	0.02562986467012272
YP5UHRSA	lion	0.3509270632642089	4.25	0.2	0.008588518528854961
YP5UHRSA	jaguar	0.4344251423448986	3.51	0.0001	0.018176409508199275
YP5UHRSA	puma	0.4949960088705272	3.22	0.0001	0.022105676978103065
YP5UHRSA	panther	0.5088035615217912	3.65	0.2	0.03071166073861558
YP5UHRSA	penguin	0.3908502500894018	3.78	0.1429	-0.001538936139469118
YP5UHRSA	fish	0.4108266670518496	4.9	0.0001	0.007318821334029713
YQ5FHGIU	cow	0.0001	4.14	0.0001	0.0001
YQ5FHGIU	dog	0.4576850906434975	5.1	0.0001	0.1469443570976159
YQ5FHGIU	cat	0.6237586776418724	4.78	0.0001	0.25725119963409687
YQ5FHGIU	bird	0.5016037867066757	4.63	0.0001	0.1160439243969727
YQ5FHGIU	bug	0.2796850531997602	4.2	0.3333	-0.011381552648369556
YQ5FHGIU	human	0.3615806140854423	5.35	0.0001	-0.05353135443757088
YQ5FHGIU	salmon	0.2558040800929153	4.01	0.5	0.006124745215322838
YQ5FHGIU	tuna	0.5487854239568821	3.64	0.2	0.15801293444863382
YQ5FHGIU	trout	0.4175426980055807	3.78	0.25	-0.0006349220362987223
YQ5FHGIU	cod	0.3624042719599134	3.89	0.0001	0.02162656042862162
YQ5FHGIU	goldfish	0.4103770843671361	3.28	0.1429	0.017853423904577243
YQ5FHGIU	pufferfish	0.4660179843982026	1.98	0.2857	0.0032274018551660026
YQ5FHGIU	cobra	0.3220422580135627	3.51	0.0001	-0.018670917434206187
YQ5FHGIU	tick	0.2661001814138088	3.8	0.0001	0.01159789771625464
YQ5FHGIU	leech	0.3554438815578919	3.17	0.0001	0.008699094850525335
YQ5FHGIU	polar bear	0.1712023113097637	3.89	0.1429	0.0001
YQ5FHGIU	brown bear	0.6380856531813487	4.53	0.4286	0.0001
YQ5FHGIU	pelican	0.1964474079197571	3.07	0.0001	0.0001
YQ5FHGIU	crow	0.4753332184342659	3.8	0.1429	0.002048742768302172
YQ5FHGIU	raven	0.5792481965467113	3.79	0.0001	0.00023856811351179768
YQ5FHGIU	panda	0.2758828006084681	3.65	0.0001	-0.011565315277640455
YQ5FHGIU	bunny	0.3621788923968498	3.88	0.2	0.011721924909298277
YQ5FHGIU	hare	0.527571168385016	3.66	0.0001	0.02176589351236522
YVQX6LL1	cat	0.0001	4.78	0.0001	0.0001
YVQX6LL1	dog	0.6237586776418724	5.1	0.0001	0.5602166662725715
YVQX6LL1	fish	0.5082364880357054	4.9	0.0001	0.07973869758464557
YVQX6LL1	horse	0.4863240253308862	4.76	0.0001	0.024530050545209948
YVQX6LL1	hamster	0.5028013424453998	3.31	0.3333	0.051059765500612565
YVQX6LL1	bird	0.4327864454158678	4.63	0.0001	0.06333714026933102
YVQX6LL1	gopher	0.2545035083182221	2.87	0.0001	-0.010645854917293699
YVQX6LL1	dolphin	0.2288330938272036	3.67	0.1667	-0.0072691584214510845
YVQX6LL1	shark	0.4062871613011956	4.1	0.1667	0.10583847525978016
YVQX6LL1	whale	0.4783327474667829	3.98	0.0001	0.41761369735638465
YVQX6LL1	bug	0.3060831284723038	4.2	0.0001	-0.003003542525173245
YVQX6LL1	gopher	0.1544671450406816	2.87	0.0001	-0.002049565714799821
YVQX6LL1	cheetah	0.2878498865718772	3.2	0.0001	0.053015363077994794
YVQX6LL1	elephant	0.4222716358628852	4.08	0.1429	-0.08895557611191644
YVQX6LL1	ferret	0.3305645156976764	3.01	0.2857	0.0320049646785288
ZERL6DH6	vulture	0.0001	3.18	0.0001	0.0001
ZERL6DH6	gerbil	0.2078788295001781	2.44	0.0001	0.024739916837505423
ZERL6DH6	cat	0.3845618146790852	4.78	0.0001	0.04571726077904639
ZERL6DH6	dog	0.6237586776418724	5.1	0.0001	0.4478977636052609
ZERL6DH6	panda	0.3470964352229595	3.65	0.0001	0.011520789693668331
ZERL6DH6	raccoon	0.4093636248808062	3.27	0.0001	0.06354267967519137
ZERL6DH6	snake	0.3488461456646254	4.23	0.0001	0.12280317118230907
ZERL6DH6	pig	0.3641851571289867	4.14	0.0001	0.18459104547587332
ZERL6DH6	cow	0.5070622080559183	4.14	0.0001	0.23709408494455825
ZERL6DH6	horse	0.5537185512529321	4.76	0.0001	0.055121841921218696
ZERL6DH6	grizzly bear	0.3937611011899178	3.26	0.0001	0.0001
ZERL6DH6	walrus	0.4642618793188217	2.98	0.1111	0.0001
ZERL6DH6	seal	0.4771934125002907	4.3	0.1667	0.03843128659476134
ZERL6DH6	antelope	0.2787043414750902	3.08	0.1429	-0.10340659122031298
ZERL6DH6	hyena	0.5544130307463666	2.8	0.0001	0.049347155026347206
ZERL6DH6	deer	0.3938515630070827	4.12	0.0001	0.03456535486293125
ZERL6DH6	jaguar	0.4153672924477929	3.51	0.1667	0.02108444152979037
ZERL6DH6	macaw	0.2664443560149316	2.33	0.0001	0.005221924220014887
ZERL6DH6	panther	0.2694915754319285	3.65	0.0001	0.0025866113132802485
ZERL6DH6	mountain lion	0.5061796057929809	4.13	0.0909	0.0001
ZERL6DH6	squirrel	0.3320678725684074	3.69	0.0909	0.0001
ZERL6DH6	rat	0.460214675204964	4.17	0.0001	0.08833170115536573
ZERL6DH6	ferret	0.4854494914217819	3.01	0.4	0.061467368501783304
ZERL6DH6	snow leopard	0.3929736274936145	3.56	0.125	0.0001
ZERL6DH6	wolf	0.4416315584594523	4.35	0.125	0.0001
ZERL6DH6	fox	0.5029350513284392	4.66	0.0001	0.044087255817755466
ZERL6DH6	cow	0.3234681494565732	4.14	0.25	-0.02155043994237849
ZERL6DH6	giraffe	0.3609077493310952	3.32	0.0001	0.03377792505051605
ZERL6DH6	horse	0.3940845574761876	4.76	0.0001	0.07981277618846194
ZERL6DH6	donkey	0.5119833360195963	3.62	0.0001	0.22293382138527698
ZHMH16C4	dog	0.0001	5.1	0.0001	0.0001
ZHMH16C4	cat	0.6237586776418724	4.78	0.0001	0.3675217797081456
ZHMH16C4	cockatoo	0.3828836442826446	2.52	0.3333	0.017545771659792455
ZHMH16C4	horse	0.4278198772899357	4.76	0.0001	0.02067198751475982
ZHMH16C4	cow	0.5537185512529321	4.14	0.0001	0.07632075993333301
ZHMH16C4	lion	0.3127118483668389	4.25	0.0001	0.04690574359178882
ZHMH16C4	zebra	0.4470930196330995	3.4	0.0001	0.03556455258338421
ZHMH16C4	giraffe	0.4528724633327149	3.32	0.0001	0.016962553130225357
ZHMH16C4	pig	0.2757907349608732	4.14	0.0001	0.010826537318133576
ZHMH16C4	cow	0.5070622080559183	4.14	0.0001	0.2512643870622296
ZHMH16C4	chicken	0.4835791880000102	4.63	0.2	0.32563464247649465
ZHMH16C4	turkey	0.4817422089008787	4.56	0.2	0.4012896853209827
ZHMH16C4	duck	0.3071827090510775	4.21	0.25	0.2811633647112034
ZHMH16C4	lovebird	0.3382335556212958	1.83	0.1667	-0.004427822505450405
ZHMH16C4	snake	0.3226053155458011	4.23	0.0001	0.011699798291726023
ZHMH16C4	mouse	0.5082115478815262	4.31	0.0001	0.006634360368037429
ZHMH16C4	squirrel	0.3793123763948514	3.69	0.0001	0.11718263187087735
ZHMH16C4	skunk	0.390497265285999	3.1	0.3333	0.07579994721289053
ZYQ1C8LT	dog	0.0001	5.1	0.0001	0.0001
ZYQ1C8LT	cat	0.6237586776418724	4.78	0.0001	0.3762904361571699
ZYQ1C8LT	bird	0.5016037867066757	4.63	0.0001	0.1860012612169869
ZYQ1C8LT	giraffe	0.3764119801991015	3.32	0.0001	0.02477798270847796
ZYQ1C8LT	zebra	0.4528724633327149	3.4	0.0001	-0.061935655057979454
ZYQ1C8LT	chicken	0.2687792257353208	4.63	0.0001	-0.0746498454296222
ZYQ1C8LT	elephant	0.315240832695429	4.08	0.2857	-0.018084354449844367
ZYQ1C8LT	fish	0.3516731977553307	4.9	0.1429	-0.004956897856144232
ZYQ1C8LT	whale	0.4884778216597922	3.98	0.0001	0.0029086747944605416
ZYQ1C8LT	shark	0.4783327474667829	4.1	0.0001	0.044293067789300755
ZYQ1C8LT	emu	0.2639876287517455	3.05	0.0001	-0.0043544116360171295
ZYQ1C8LT	mole	0.2455246650250024	3.67	0.25	0.012808870863889196
ZYQ1C8LT	bug	0.2320586213497644	4.2	0.0001	0.02469915641371284
ZYQ1C8LT	ant	0.3308342858450261	3.86	0.0001	0.049417024688932776
ZYQ1C8LT	spider	0.420240231667779	4.25	0.0001	0.0042083033113341
ZYQ1C8LT	worm	0.3556580015275721	3.77	0.0001	0.024649993465852036
ZYQ1C8LT	emu	0.313156629389351	3.05	0.0001	0.0749531188954121
ZYQ1C8LT	hyena	0.3869100219720277	2.8	0.0001	-0.011619452922788605
ZYQ1C8LT	wolf	0.3857018138757038	4.35	0.0001	-0.06032071530147579
ZYQ1C8LT	sea star	0.1877032747634819	4.82	0.0001	0.0001
